Nama Depan,Nama Belakang,Email,Kota,Tanggal Pembelian,Produk Yang Dibeli,Nomor Penjualan,Jumlah Pembelian,Rating,Jasa Pengiriman,Customer Baru,Sales Person
Bambang ,Satya,Satya@gmail.com,Bogor,28-12-2018,KP0425CB,36897,5,4.0,Wakanda Express,Y,Ll-409
Rachmat ,P,Rachmat@icloudx.com,Banjar,28-12-2018,KP0925SG,35624,3,4.0,Wakanda Express,N,Do-409
Lie,Arsil,LIE@ymail.com,Gorontalo,26-12-2018,KP0850FB,35745,7,4.0,JENT,Y,Bc-983
Jimmy,Hardono,Hardono@ymail.com,Purwokerto,25-12-2018,KP0750AJ,35432,9,4.0,Cepat Kirim,Y,Ng-410
Sudjono,Hirawan,Hirawan@rocketmail.com,Pasuruan,24-12-2018,KP0925SG,35012,7,4.0,JENT,N,Ae-123
Ari,Shahab,Ari@ymail.com,Tarakan,23-12-2018,KP0625AF,35226,8,4.0,Wakanda Express,Y,Kn-994
Indawan ,Arsyafira ,Arsyafira@ymail.com,Palangkaraya,22-12-2018,KP0850FB,36614,2,4.0,JENT,Y,Tf-992
Jayanti,F,F.@gmail.com,Tangerang Selatan,20-12-2018,KP0350CF,36600,4,4.0,Wakanda Express,Y,Sn-500
Monalita,Hermawan,Monalita@icloudx.com,Padang Sidempuan,19-12-2018,KP0925SG,36249,6,4.0,Wakanda Express,Y,Yl-662
Franky,Investama,Franky@gmail.com,Mojokerto,17-12-2018,KP0925SG,35442,6,4.0,Cepat Kirim,Y,Ta-123
Lily,Holdings,Holdings@rocketmail.com,Lubuklinggau,17-12-2018,KP0050AG,35978,10,4.0,Swift Delivery,Y,Yp-661
Dadi ,Siddharta,Siddharta@outlookx.com,Banjarbaru,16-12-2018,KP0925SG,36047,9,4.0,JENT,Y,Ka-991
Benny,Atmadja,Benny@outlookx.com,Jayapura,15-12-2018,KP0350CF,36446,8,4.0,JENT,Y,Tr-990
Djoni,Hadisurjo,Hadisurjo@icloudx.com,Payakumbuh,14-12-2018,KP0350CF,35398,4,4.0,Wakanda Express,Y,Ze-559
John ,Sukarso ,Sukarso@gmail.com,Semarang,12-11-2018,KP0150BH,35392,8,4.0,JENT,Y,Ua-410
David,Mellon,Mellon@livex.com,Sabang,12-11-2018,KP0350CF,35204,3,4.0,Wakanda Express,Y,Hi-101
Kimberly,Natalia,Natalia@ymail.com,Langsa,12-11-2018,KP0625AF,35810,2,4.0,Cepat Kirim,Y,Cs-101
Letty,Tamin,Letty@rocketmail.com,Samarinda,12-11-2018,KP0425CB,35809,10,4.0,JENT,Y,Ld-993
Lucas ,Barak,Lucas@ymail.com,Denpasar,12-10-2018,KP0225BB,36192,10,4.0,Pru Logistic,Y,Wi-201
Gunawan ,Sukanda,Gunawan@gmail.com,Pagaralam,12-10-2018,KP0625AF,35490,7,4.0,Wakanda Express,Y,Hg-661
Lanny ,Kongoasa,Kongoasa@mex.com,Tanjungpinang,12-9-2018,KP0850FB,35081,3,4.0,Swift Delivery,Y,Na-809
Sherlly ,Kusumawati,Sherlly@gmail.com,Malang,12-9-2018,KP0350CF,36357,4,4.0,Wakanda Express,N,Uc-123
Nia,Husein,Nia@outlookx.com,Banda Aceh,12-9-2018,KP0925SG,35933,4,4.0,Wakanda Express,N,Dg-101
Budi ,T,T.@ymail.com,Probolinggo,12-7-2018,KP0625AF,35268,9,3.0,Pru Logistic,Y,By-123
Mohammad,Soniati,Soniati@icloudx.com,Dumai,12-5-2018,KP0050AG,35273,5,4.0,Pru Logistic,Y,Ek-222
Dani,Suginawan,Suginawan@ymail.com,Bandar Lampung,12-5-2018,KP0750AJ,36154,9,4.0,Cepat Kirim,Y,An-150
Nurdin,Hiong ,Hiong@rocketmail.com,Meulaboh,12-4-2018,KP0350CF,36728,3,4.0,JENT,N,Fi-101
Erly,Tamin,Tamin@gmail.com,Medan,12-4-2018,KP0850FB,36638,5,4.0,Swift Delivery,Y,Wd-662
Roy ,Mei ,Roy@livex.com,Pontianak,12-3-2018,KP0150BH,35551,2,2.0,JENT,N,Jr-880
Junus,Amiria,Junus@gmail.com,Banjarbaru,12-3-2018,KP0925SG,36956,8,4.0,Cepat Kirim,Y,Jg-991
Abdul,Mulya,Mulya@livex.com,Padangpanjang,12-2-2018,KP0625AF,36759,7,1.0,Wakanda Express,Y,My-559
Elizabeth ,Santoso,Santoso@gmail.com,Parepare,12-1-2018,KP0925SG,36820,6,5.0,Wakanda Express,Y,Al-290
Jocelin ,Suwignjo ,Jocelin@ymail.com,Subulussalam,12-1-2018,KP0925SG,36317,3,4.0,JENT,Y,Gx-101
Albert,Asiah,Asiah@livex.com,Bukittinggi,12-1-2018,KP0750AJ,36221,5,4.0,JENT,Y,Ln-559
Joe,Kohar,Joe@ymail.com,Ternate,12-1-2018,KP0150BH,35896,4,4.0,Wakanda Express,Y,Ax-160
Leny,Sutedja,Sutedja@mex.com,Tomohon,28-11-2018,KP0625AF,35988,3,5.0,Wakanda Express,Y,Cc-221
Michael,Arie,Michael@livex.com,Gorontalo,28-11-2018,KP0625AF,36925,3,4.0,JENT,Y,Vg-983
Hendra ,Tjing,Tjing@ymail.com,Ternate,27-11-2018,KP0850FB,36152,7,4.0,Swift Delivery,Y,Pv-160
Mohit,Namara,Namara@livex.com,Bandar Lampung,27-11-2018,KP0850FB,35379,9,4.0,JENT,Y,Zp-150
Hetty,Magnus,Magnus@ymail.com,Semarang,27-11-2018,KP0750AJ,35486,7,4.0,Pru Logistic,Y,Wg-410
Ratnawati,Bayu,Ratnawati@gmail.com,Malang,26-11-2018,KP0150BH,36492,3,3.0,Cepat Kirim,N,Zl-123
Russel,Sari,Russel@ymail.com,Tegal,25-11-2018,KP0850FB,35763,7,4.0,Pru Logistic,N,Kk-410
Diana,Widjaja,Widjaja@ymail.com,Dumai,25-11-2018,KP0750AJ,36200,6,4.0,Swift Delivery,Y,Mf-222
Andrew ,Shyam,Shyam@ymail.com,Tasikmalaya,24-11-2018,KP0425CB,35635,9,4.0,Swift Delivery,Y,Zo-409
Cecilia,Kencanawati,Kencanawati@livex.com,Tebingtinggi,23-11-2018,KP0925SG,36639,6,5.0,Pru Logistic,Y,Qv-662
Andrew ,Karamchandani,Karamchandani@gmail.com,Batu,21-11-2018,KP0050AG,35401,5,4.0,Wakanda Express,Y,Mw-123
Andrew,Kalla,Kalla@livex.com,Banda Aceh,21-11-2018,KP0750AJ,35954,10,4.0,Wakanda Express,Y,Fi-101
Danamon,Prakash,Danamon@ymail.com,Subulussalam,20-11-2018,KP0625AF,35789,4,4.0,Cepat Kirim,Y,Hu-101
Okkie,Alatas ,Alatas@outlookx.com,Tangerang,19-11-2018,KP0425CB,36816,6,4.0,JENT,N,Rh-500
Elly ,Winoto,Elly@icloudx.com,Lubuklinggau,18-11-2018,KP0225BB,36261,2,4.0,JENT,Y,Ci-661
Ivan,Chondro,Chondro@gmail.com,Padangpanjang,18-11-2018,KP0850FB,35409,7,4.0,Pru Logistic,Y,Oz-559
Han,El,EL@ymail.com,Kupang,16-11-2018,KP0850FB,36974,3,4.0,Swift Delivery,Y,Gc-185
Fabian,Denisse,Denisse@gmail.com,Pagaralam,16-11-2018,KP0150BH,36471,7,4.0,Swift Delivery,Y,Ux-661
Donny,Nova,Donny@livex.com,Pekanbaru,16-11-2018,KP0750AJ,35436,10,4.0,Swift Delivery,Y,Xi-222
Kendra,Say,Say@gmail.com,Gorontalo,15-11-2018,KP0625AF,36899,10,4.0,Wakanda Express,Y,Lx-983
Mahesa ,Chairil,Mahesa@livex.com,Tual,14-11-2018,KP0225BB,35519,7,4.0,Cepat Kirim,Y,De-171
Johny,Yusuf,YUSUF@ymail.com,Tegal,13-11-2018,KP0150BH,35911,10,4.0,Cepat Kirim,Y,Zv-410
Dominique,Kastono,Kastono@icloudx.com,Bekasi,11-11-2018,KP0850FB,36932,5,4.0,Pru Logistic,Y,St-409
Shinta ,Berliana,Shinta@livex.com,Manado,11-9-2018,KP0925SG,35905,10,4.0,Pru Logistic,N,Il-221
Ardy ,Ralhan,Ralhan@gmail.com,Tual,11-9-2018,KP0425CB,36992,9,4.0,Pru Logistic,Y,Uw-171
Lucky,Natawindjaja,Lucky@rocketmail.com,Ternate,11-9-2018,KP0850FB,35543,6,4.0,JENT,Y,Op-160
Dewi,Dudaney,Dewi@livex.com,Palu,11-7-2018,KP0150BH,35367,10,1.0,JENT,Y,Wi-280
Lenny ,Gautama,Gautama@icloudx.com,Subulussalam,11-6-2018,KP0225BB,35696,10,4.0,JENT,Y,Ds-101
Sri,Surjana,Surjana@outlookx.com,Pagaralam,11-6-2018,KP0425CB,35873,9,3.0,Wakanda Express,N,Nl-661
Hendrik ,Wijaya,Hendrik@gmail.com,Samarinda,11-3-2018,KP0850FB,36628,3,4.0,Swift Delivery,Y,Ag-993
Edy,Zaini ,Edy@gmail.com,Palopo,11-2-2018,KP0350CF,35884,2,4.0,JENT,Y,Om-290
Raju,Pribadi,Raju@livex.com,Cimahi,11-1-2018,KP0050AG,35388,4,4.0,JENT,N,Nt-409
Jeannie,Limited,Jeannie@ymail.com,Blitar,11-1-2018,KP0050AG,35722,2,4.0,Wakanda Express,Y,Tc-123
Kindarto,Lipina ,Kindarto@gmail.com,Bukittinggi,28-10-2018,KP0850FB,36254,8,2.0,JENT,Y,Ok-559
Song,Budiman,Budiman@outlookx.com,Bukittinggi,26-10-2018,KP0850FB,36287,10,4.0,Swift Delivery,N,Bo-559
Rachmat,Raharja,Rachmat@ymail.com,Magelang,26-10-2018,KP0625AF,36224,9,4.0,Swift Delivery,N,Tm-410
Listyani,Hadi,Listyani@ymail.com,Jayapura,25-10-2018,KP0050AG,36016,2,3.0,Wakanda Express,Y,Hp-990
Drs,Joantina,DRS@gmail.com,Mataram,24-10-2018,KP0925SG,35588,9,4.0,Cepat Kirim,Y,Yz-183
Iwa,Miqailla,Miqailla@gmail.com,Banjarmasin,24-10-2018,KP0850FB,35079,10,4.0,Wakanda Express,Y,Kk-991
Michael,Agustino,Michael@gmail.com,Kediri,23-10-2018,KP0925SG,36328,9,4.0,Swift Delivery,Y,Fh-123
Amelia,Isenta,Isenta@gmail.com,Sorong,22-10-2018,KP0625AF,35864,6,4.0,JENT,Y,Df-999
Jusup ,Soetikno,Soetikno@ymail.com,Bima,21-10-2018,KP0050AG,36255,3,4.0,JENT,Y,Xe-183
Hendriko ,Is ,Is@gmail.com,Bau-Bau,20-10-2018,KP0425CB,35835,4,4.0,JENT,Y,Fj-250
Sri,Rais,Sri@rocketmail.com,Kediri,17-10-2018,KP0750AJ,36435,4,5.0,Cepat Kirim,N,Pb-123
Jahja ,Tjung,Jahja@gmail.com,Jakarta Selatan,16-10-2018,KP0350CF,35147,4,4.0,Wakanda Express,Y,Sd-333
Raymond,Robert ,Raymond@ymail.com,Mataram,16-10-2018,KP0925SG,35819,8,4.0,JENT,N,Na-183
Betty ,Eti,ETI@outlookx.com,Serang,15-10-2018,KP0050AG,35721,7,5.0,JENT,Y,Kp-500
Angie,Yanto,Yanto@ymail.com,Tual,15-10-2018,KP0625AF,35029,3,4.0,JENT,Y,Db-171
Budi,Atman,Budi@ymail.com,Medan,15-10-2018,KP0850FB,36292,6,4.0,Wakanda Express,Y,Zz-662
Roni ,Zaini ,Roni@ymail.com,Tanjungpinang,14-10-2018,KP0150BH,35113,6,4.0,JENT,N,St-809
Agus,Suryadi ,Suryadi@livex.com,Ternate,14-10-2018,KP0625AF,35155,8,4.0,JENT,Y,Fs-160
Clarence,Paasch,Paasch@outlookx.com,Bau-Bau,14-10-2018,KP0850FB,35440,2,4.0,JENT,Y,Nn-250
Isenta ,Faridz ,Isenta@ymail.com,Tangerang Selatan,13-10-2018,KP0625AF,36626,3,4.0,JENT,Y,Wr-500
Nigel ,Widjaya,Nigel@rocketmail.com,Tangerang Selatan,10-9-2018,KP0750AJ,35160,10,4.0,Wakanda Express,N,Dh-500
Chan ,Leman,Leman@gmail.com,Tasikmalaya,10-8-2018,KP0750AJ,35015,7,4.0,Swift Delivery,Y,Xn-409
Hengky,Alexander,Hengky@gmail.com,Pekalongan,10-7-2018,KP0625AF,36905,5,4.0,Cepat Kirim,Y,Yt-410
Mochamad ,Kahar,Mochamad@mex.com,Magelang,10-6-2018,KP0750AJ,36673,7,4.0,Pru Logistic,Y,Qr-410
Edward ,Goenawan,Goenawan@ymail.com,Lhokseumawe,10-5-2018,KP0625AF,36494,9,4.0,Swift Delivery,Y,Lg-101
Johanes ,Wewengkang,Wewengkang@ymail.com,Tebingtinggi,10-4-2018,KP0925SG,36262,8,4.0,JENT,Y,Li-662
Henny ,Salim,Salim@ymail.com,Tanjungpinang,10-4-2018,KP0925SG,35161,4,4.0,JENT,Y,Wd-809
Nicholas,Buhay,Buhay@icloudx.com,Palembang,10-4-2018,KP0850FB,36097,4,4.0,Swift Delivery,N,Vp-661
Chung,Overseas ,Chung@ymail.com,Pekalongan,10-4-2018,KP0625AF,35713,7,4.0,JENT,Y,Pa-410
Soetikno ,Hartono,Hartono@gmail.com,Kediri,10-3-2018,KP0925SG,36340,2,4.0,Wakanda Express,N,Iu-123
Soesanto,Muchsin,Soesanto@icloudx.com,Payakumbuh,10-3-2018,KP0425CB,35030,6,4.0,Pru Logistic,N,Gt-559
Andry ,Harlim ,Harlim@livex.com,Depok,28-9-2018,KP0350CF,36607,8,2.0,JENT,Y,Mn-409
Mario,Dviyudha ,Dviyudha@rocketmail.com,Bukittinggi,28-9-2018,KP0850FB,36088,3,4.0,JENT,Y,Ak-559
Sindhu,Group,Sindhu@ymail.com,Kendari,28-9-2018,KP0850FB,36332,9,4.0,Cepat Kirim,N,Ls-250
Jenny,Tirtanata,Tirtanata@ymail.com,Medan,28-9-2018,KP0925SG,36693,4,4.0,JENT,Y,Dl-662
Hindarto,Jackson,Jackson@gmail.com,Padangpanjang,25-9-2018,KP0225BB,36724,5,1.0,JENT,Y,Tc-559
Said,Gina,Said@gmail.com,Binjai,24-9-2018,KP0850FB,35678,2,4.0,Swift Delivery,N,Dj-662
Imelda,Nurdin,Imelda@gmail.com,Tual,24-9-2018,KP0625AF,35670,6,4.0,Swift Delivery,Y,Qv-171
Muljana,Iswandi,Muljana@icloudx.com,Serang,22-9-2018,KP0225BB,36096,3,4.0,Swift Delivery,N,Qb-500
David ,Tjahjanto ,Tjahjanto@ymail.com,Jakarta Utara,19-9-2018,KP0625AF,36995,2,4.0,JENT,Y,Fg-333
Minny,Rita,Minny@icloudx.com,Probolinggo,19-9-2018,KP0425CB,36878,8,4.0,Wakanda Express,Y,Yu-123
Djajadinata,Setiawan ,Djajadinata@icloudx.com,Mataram,19-9-2018,KP0925SG,36260,2,4.0,JENT,Y,Yv-183
Evi,Tjokrosapoetro,Evi@livex.com,Kendari,17-9-2018,KP0425CB,36927,7,4.0,Swift Delivery,Y,Sk-250
Arianto,Zain,Arianto@gmail.com,Jakarta Utara,17-9-2018,KP0625AF,36274,5,4.0,Pru Logistic,Y,Ps-333
Rudi,Wiria,Rudi@rocketmail.com,Blitar,15-9-2018,KP0225BB,36570,9,4.0,Pru Logistic,N,Ab-123
Piong ,Lisangan,Piong@mex.com,Batu,13-9-2018,KP0850FB,35185,6,4.0,Cepat Kirim,N,Se-123
Iwan,Sim,Iwan@ymail.com,Bontang,13-9-2018,KP0850FB,36496,4,4.0,Wakanda Express,Y,Ft-993
Ernitha,Edhie ,EDHIE@livex.com,Ambon,9-12-2018,KP0150BH,36663,3,4.0,JENT,Y,Ui-171
Sanyo,Wen,Sanyo@livex.com,Tebingtinggi,9-10-2018,KP0350CF,35038,7,4.0,Cepat Kirim,N,Tu-662
Asia,Susanto,Susanto@gmail.com,Madiun,9-10-2018,KP0925SG,35993,5,4.0,Wakanda Express,Y,Th-123
Sugianto,Mas,Mas@gmail.com,Banjar,9-9-2018,KP0750AJ,36031,4,4.0,JENT,N,Xb-409
Belinda,Sofyan ,Sofyan@ymail.com,Lubuklinggau,9-8-2018,KP0425CB,35483,9,2.0,JENT,Y,Ch-661
Fadjar ,Sung,Sung@outlookx.com,Semarang,9-4-2018,KP0925SG,35231,5,3.0,Wakanda Express,Y,Lp-410
Didi ,Boot,Didi@ymail.com,Parepare,9-3-2018,KP0225BB,36462,3,1.0,Cepat Kirim,Y,Nk-290
Ivan,Budiarto,Ivan@ymail.com,Pariaman,9-2-2018,KP0750AJ,36747,2,2.0,Swift Delivery,Y,Dl-559
Agoeng,Ys ,Y.S.@ymail.com,Jayapura,9-1-2018,KP0150BH,36430,7,4.0,JENT,Y,Jm-990
Jacobus,Suwignjo,Jacobus@gmail.com,Tidore Kepulauan,26-8-2018,KP0750AJ,36951,10,4.0,Cepat Kirim,Y,Fr-160
Juwita,Achmad,Juwita@gmail.com,Bengkulu,25-8-2018,KP0925SG,36194,4,5.0,JENT,Y,Jv-300
Freddyanto ,Ang,Freddyanto@livex.com,Payakumbuh,22-8-2018,KP0150BH,36160,2,4.0,JENT,Y,Pk-559
Ameesh,Pacific ,Ameesh@livex.com,Padang,22-8-2018,KP0425CB,35856,6,4.0,JENT,Y,Bz-559
Aluinanto,Pribadi,Aluinanto@ymail.com,Banda Aceh,21-8-2018,KP0050AG,36204,9,4.0,Cepat Kirim,Y,Ig-101
Hartono ,Liu,Hartono@ymail.com,Jakarta Selatan,20-8-2018,KP0750AJ,36513,6,4.0,Pru Logistic,Y,Ie-333
Irsanto,Imam ,IRSANTO@ymail.com,Prabumulih,20-8-2018,KP0925SG,35770,7,4.0,JENT,Y,Oe-661
Ng,Tanuwidjaja ,NG@mex.com,Pekalongan,20-8-2018,KP0350CF,36291,10,4.0,JENT,N,Sf-410
Rudy,Sumarno,Sumarno@rocketmail.com,Pasuruan,19-8-2018,KP0350CF,35466,4,4.0,Swift Delivery,N,Ko-123
Endang,Fong,Fong@ymail.com,Pematangsiantar,18-8-2018,KP0150BH,35322,6,5.0,Swift Delivery,Y,To-662
Lam,Supanini,Lam@icloudx.com,Pangkalpinang,18-8-2018,KP0850FB,36873,7,4.0,Cepat Kirim,Y,Cl-120
Era,Afif,Afif@outlookx.com,Jakarta Selatan,16-8-2018,KP0050AG,36283,7,4.0,Swift Delivery,Y,Bw-333
Arthur,Ananto,Arthur@livex.com,Tasikmalaya,15-8-2018,KP0750AJ,36288,4,1.0,JENT,Y,Wi-409
Prayitno ,Kurniawan ,KURNIAWAN@gmail.com,Bandar Lampung,14-8-2018,KP0625AF,35594,8,4.0,JENT,N,Vh-150
Herry ,Lintje,Lintje@gmail.com,Meulaboh,8-12-2018,KP0150BH,36514,10,4.0,Wakanda Express,Y,Lj-101
Nurmalasari,Ricarda,Ricarda@outlookx.com,Sibolga,8-9-2018,KP0625AF,36530,4,4.0,Wakanda Express,N,Nl-662
Sangeeta ,Sulistio,Sangeeta@icloudx.com,Cirebon,8-6-2018,KP0150BH,36157,8,4.0,Wakanda Express,N,Ih-409
Sengman,Fie,Sengman@livex.com,Kendari,8-5-2018,KP0850FB,36773,2,4.0,Wakanda Express,N,Ib-250
Edward,Adjie,Edward@ymail.com,Parepare,8-3-2018,KP0750AJ,35404,4,3.0,Wakanda Express,Y,Gp-290
Melina,Rahmawaty,Melina@gmail.com,Solok,8-3-2018,KP0925SG,36640,3,4.0,Wakanda Express,Y,Gk-559
Rat,Liem,Rat@rocketmail.com,Kupang,8-2-2018,KP0750AJ,35541,10,4.0,Cepat Kirim,N,Mj-185
Ari,Christoph,Ari@gmail.com,Malang,8-1-2018,KP0625AF,35319,7,4.0,Wakanda Express,Y,Lw-123
Ewik ,Suhardjo,Suhardjo@icloudx.com,Tanjungpinang,26-7-2018,KP0625AF,36302,10,4.0,Pru Logistic,Y,Sr-809
Elly ,Gondotirto,Elly@gmail.com,Bitung,25-7-2018,KP0425CB,35527,6,4.0,JENT,Y,Bq-221
Anthony ,Eloy,Anthony@gmail.com,Palangkaraya,25-7-2018,KP0750AJ,35567,3,4.0,JENT,Y,Vm-992
Aizid ,Sundoro,Sundoro@livex.com,Padang Sidempuan,23-7-2018,KP0225BB,35889,6,4.0,JENT,Y,In-662
Michael,Narindra,Narindra@outlookx.com,Bogor,22-7-2018,KP0350CF,35773,2,3.0,Cepat Kirim,Y,Ew-409
Henry,Steven,Henry@ymail.com,Padang Sidempuan,21-7-2018,KP0850FB,35041,10,4.0,JENT,Y,Bu-662
Sulaiman ,Dudaney,Sulaiman@rocketmail.com,Kotamobagu,18-7-2018,KP0625AF,36048,6,1.0,JENT,N,Zt-221
Brian ,Abdi,BRIAN@ymail.com,Bau-Bau,16-7-2018,KP0225BB,36068,9,4.0,Cepat Kirim,Y,Tw-250
Ago,Wibowo,Wibowo@gmail.com,Sabang,16-7-2018,KP0625AF,35754,8,4.0,Pru Logistic,Y,Ew-101
Emily,Sindoro,Sindoro@gmail.com,Jakarta Pusat,15-7-2018,KP0625AF,35138,8,4.0,Swift Delivery,Y,Et-333
Achirsyah ,Setiadi,Setiadi@livex.com,Surabaya,14-7-2018,KP0350CF,35266,6,4.0,JENT,Y,Ng-123
Dewi,Soraya,Dewi@icloudx.com,Mojokerto,14-7-2018,KP0625AF,35472,8,4.0,JENT,Y,Fe-123
Jo,Onggowarsito ,Jo@ymail.com,Metro,14-7-2018,KP0350CF,35838,7,4.0,JENT,Y,Mm-150
Jogi,Hermawan,Jogi@gmail.com,Palu,13-7-2018,KP0850FB,35582,2,4.0,Cepat Kirim,Y,Ik-280
James,Indra,Indra@gmail.com,Sawahlunto,13-7-2018,KP0150BH,36029,6,2.0,Swift Delivery,Y,Wf-559
Mochammad,Tjahjadi,Mochammad@mex.com,Cilegon,13-7-2018,KP0050AG,36908,10,4.0,Cepat Kirim,Y,Uo-500
Lucia,Irawan,Lucia@outlookx.com,Mojokerto,7-12-2018,KP0925SG,35934,9,4.0,JENT,Y,Tt-123
George ,Hakim,George@ymail.com,Pontianak,7-10-2018,KP0050AG,35165,9,4.0,Pru Logistic,Y,Lv-880
Hilmi ,Charles,Charles@gmail.com,Bogor,7-10-2018,KP0750AJ,35698,8,4.0,Swift Delivery,Y,Oc-409
Herman ,Noveda,Noveda@gmail.com,Sibolga,7-10-2018,KP0425CB,36455,7,5.0,Cepat Kirim,Y,Hi-662
Andry ,Prasetio ,Prasetio@livex.com,Palembang,7-9-2018,KP0850FB,36363,3,4.0,JENT,Y,Ed-661
Indra,Purna,Indra@ymail.com,Pontianak,7-9-2018,KP0925SG,36610,2,5.0,Wakanda Express,Y,Pa-880
Jennie,Gosal ,Jennie@gmail.com,Padang,7-8-2018,KP0850FB,36779,10,4.0,JENT,Y,Po-559
Mario ,Setiawan,Setiawan@rocketmail.com,Cilegon,7-7-2018,KP0550EH,36448,10,4.0,Swift Delivery,Y,Fy-500
Fahmi ,Sutanto,Fahmi@ymail.com,Dumai,7-5-2018,KP0050AG,36738,3,4.0,Wakanda Express,Y,Mi-222
Samudra,Abdullah,Abdullah@livex.com,Bau-Bau,7-5-2018,KP0150BH,36953,9,4.0,Wakanda Express,N,Ug-250
Finney,Tee,Finney@outlookx.com,Cilegon,7-3-2018,KP0925SG,35662,4,2.0,Pru Logistic,Y,Ee-500
Hastuti ,Arwin,Arwin@ymail.com,Parepare,28-6-2018,KP0925SG,35735,10,4.0,Wakanda Express,Y,Wi-290
I,Hardjono ,Hardjono@ymail.com,Pontianak,27-6-2018,KP0225BB,36853,2,4.0,JENT,Y,Kq-880
Gahral,Santoso ,Gahral@ymail.com,Bandung,26-6-2018,KP0925SG,36664,5,4.0,JENT,Y,Gw-409
Meiliana ,Syarfuan,Syarfuan@outlookx.com,Binjai,25-6-2018,KP0350CF,35260,6,4.0,Wakanda Express,Y,Zn-662
Made,Tjoa,Made@outlookx.com,Surakarta,24-6-2018,KP0850FB,36895,8,4.0,Cepat Kirim,Y,Mg-410
Candra ,Sik,Sik@outlookx.com,Kediri,21-6-2018,KP0925SG,35832,3,4.0,Cepat Kirim,Y,Mk-123
Freddy,Ali,Freddy@livex.com,Sabang,19-6-2018,KP0850FB,35578,10,4.0,Pru Logistic,Y,Gw-101
Philip ,Setiawan,Setiawan@icloudx.com,Palembang,18-6-2018,KP0925SG,35101,3,4.0,Wakanda Express,N,Qj-661
Harjanto ,Texania ,Harjanto@ymail.com,Binjai,17-6-2018,KP0225BB,36315,5,4.0,JENT,Y,Xm-662
Bambang ,Soewarno,Soewarno@outlookx.com,Pangkalpinang,16-6-2018,KP0925SG,35345,2,4.0,Wakanda Express,Y,Yj-120
Reza,Magdalena ,Reza@ymail.com,Sungai Penuh,16-6-2018,KP0750AJ,35028,10,4.0,JENT,N,Ca-512
Prem,Tjahja,Prem@mex.com,Pematangsiantar,16-6-2018,KP0750AJ,36417,5,4.0,Cepat Kirim,N,Fd-662
Jusuf ,Wijaya ,Jusuf@gmail.com,Surabaya,6-12-2018,KP0425CB,35892,2,4.0,JENT,Y,Ie-123
Johan ,Rosabella,Rosabella@gmail.com,Ambon,6-11-2018,KP0850FB,35032,10,4.0,Wakanda Express,Y,Oj-171
Liliana ,Ep ,E.P.@ymail.com,Depok,6-9-2018,KP0225BB,35314,8,4.0,JENT,Y,An-409
Rusdi,Moon-tae,Moon-Tae@icloudx.com,Kupang,6-9-2018,KP0925SG,35611,5,4.0,Wakanda Express,N,Ku-185
Rosan,Hartanto,Hartanto@mex.com,Kendari,6-8-2018,KP0925SG,36175,3,3.0,Pru Logistic,N,Iv-250
Chang,U,U.@gmail.com,Batam,6-5-2018,KP0850FB,35276,6,4.0,JENT,Y,As-809
Ginawan,Strachan,Strachan@gmail.com,Jayapura,6-3-2018,KP0750AJ,35009,8,4.0,JENT,Y,Gt-990
Christina,Richard,Richard@gmail.com,Depok,6-1-2018,KP0750AJ,35857,4,4.0,Cepat Kirim,Y,Ah-409
Lilyani,Muljadi,Muljadi@ymail.com,Banjarmasin,6-1-2018,KP0750AJ,35851,3,4.0,Swift Delivery,Y,Xy-991
Meiriaty ,Kenneth,Meiriaty@mex.com,Surakarta,28-5-2018,KP0925SG,36744,3,4.0,Wakanda Express,Y,Ge-410
Ronny ,Pinder,Pinder@gmail.com,Tebingtinggi,27-5-2018,KP0625AF,35741,9,4.0,Cepat Kirim,N,Da-662
Rita,Haryani,Rita@icloudx.com,Padang Sidempuan,24-5-2018,KP0750AJ,35489,10,4.0,Swift Delivery,N,Pe-662
Marvin ,Rahardjo,Marvin@mex.com,Pagaralam,23-5-2018,KP0750AJ,36900,7,4.0,JENT,Y,Ld-661
Andhika,Budihartono,Andhika@livex.com,Tebingtinggi,23-5-2018,KP0850FB,35823,8,4.0,Swift Delivery,Y,Ug-662
Erics ,Wen,Wen@livex.com,Balikpapan,22-5-2018,KP0425CB,35990,3,5.0,Swift Delivery,Y,Ir-993
Para,Setiawan,Para@ymail.com,Kupang,22-5-2018,KP0850FB,36433,10,4.0,JENT,N,Zg-185
Martin ,Husodho,Husodho@gmail.com,Tual,20-5-2018,KP0925SG,36063,2,4.0,Cepat Kirim,Y,Pn-171
Goh,Yantony,Yantony@ymail.com,Ternate,19-5-2018,KP0425CB,35581,8,4.0,Pru Logistic,Y,Pt-160
Daniel,Prijatna,Prijatna@icloudx.com,Pasuruan,19-5-2018,KP0750AJ,35916,5,4.0,Swift Delivery,Y,Ft-123
Sukendar,Tanuwidjaja,Sukendar@livex.com,Tual,17-5-2018,KP0625AF,36252,2,4.0,JENT,N,El-171
Indriani,Hartono,Indriani@ymail.com,Ambon,16-5-2018,KP0850FB,36906,9,4.0,Swift Delivery,Y,An-171
Prasodjo,Limman,LIMMAN@outlookx.com,Lhokseumawe,14-5-2018,KP0625AF,36339,6,4.0,Swift Delivery,N,Xc-101
Edoardus,Oentoro,Edoardus@outlookx.com,Pangkalpinang,5-10-2018,KP0150BH,35278,9,4.0,JENT,Y,Az-120
Kakan,Pascal,PASCAL@gmail.com,Jakarta Barat,5-10-2018,KP0625AF,35501,10,4.0,JENT,Y,Im-333
Gunawan,Budiono,Gunawan@ymail.com,Padang Sidempuan,5-9-2018,KP0425CB,36943,7,4.0,JENT,Y,Cz-662
Henry,Handajani,Handajani@ymail.com,Sukabumi,5-9-2018,KP0150BH,36139,4,4.0,JENT,Y,Sm-409
Hary ,Tanuwiradjaja,Tanuwiradjaja@gmail.com,Bogor,5-7-2018,KP0850FB,36461,5,5.0,Cepat Kirim,Y,Es-409
Stephan,Irwan,Irwan@icloudx.com,Sungai Penuh,5-4-2018,KP0625AF,35295,7,4.0,Cepat Kirim,N,Sb-512
Joachim,Susanto,Susanto@ymail.com,Tanjungpinang,5-3-2018,KP0150BH,36944,6,4.0,Wakanda Express,Y,Jf-809
Ignatius,Ramchand ,Ignatius@gmail.com,Pontianak,5-3-2018,KP0750AJ,36714,4,4.0,JENT,Y,Ta-880
Eddy,Tenacious,Eddy@livex.com,Tanjungbalai,28-4-2018,KP0925SG,36277,7,4.0,Cepat Kirim,Y,Iy-662
Omar ,Anggono,Omar@rocketmail.com,Sawahlunto,27-4-2018,KP0425CB,35591,4,4.0,Wakanda Express,N,Ac-559
Arianto ,Ciputra ,CIPUTRA@gmail.com,Ternate,26-4-2018,KP0925SG,36105,2,4.0,JENT,Y,Cu-160
Joachim,Sri ,Sri@gmail.com,Blitar,26-4-2018,KP0625AF,36501,9,4.0,JENT,Y,Xv-123
Muddai ,Anwar,Anwar@ymail.com,Tangerang Selatan,25-4-2018,KP0925SG,35451,8,4.0,Pru Logistic,Y,Bb-500
Henky,Energy ,ENERGY@ymail.com,Tomohon,25-4-2018,KP0625AF,35212,5,4.0,JENT,Y,Nx-221
Roos,Oil,Roos@ymail.com,Meulaboh,25-4-2018,KP0150BH,36032,9,4.0,Cepat Kirim,N,Lv-101
Hardi,Leban,HARDI@gmail.com,Bengkulu,25-4-2018,KP0925SG,36864,4,4.0,Cepat Kirim,Y,Pv-300
Septiana,Soetoyo,Septiana@gmail.com,Pekanbaru,25-4-2018,KP0925SG,36945,5,1.0,JENT,N,Yn-222
Jimmy,Sutiono,Jimmy@ymail.com,Lubuklinggau,25-4-2018,KP0625AF,35778,9,4.0,Pru Logistic,Y,Uf-661
Ivy,Ngaw,IVY@gmail.com,Ambon,24-4-2018,KP0750AJ,36586,4,4.0,Wakanda Express,Y,Qn-171
Bayu,Harapan,Harapan@outlookx.com,Bandung,24-4-2018,KP0625AF,36772,4,4.0,JENT,Y,Pk-409
Lee,Su,Lee@gmail.com,Pariaman,24-4-2018,KP0350CF,35759,5,3.0,JENT,Y,Fq-559
Eva ,Nurlaila,Nurlaila@gmail.com,Tanjungpinang,22-4-2018,KP0925SG,36872,9,4.0,Cepat Kirim,Y,Ff-809
Agung,Hakim,Hakim@ymail.com,Bukittinggi,21-4-2018,KP0625AF,35657,3,4.0,Swift Delivery,Y,Be-559
Sammy ,Jb,Sammy@icloudx.com,Bitung,20-4-2018,KP0150BH,35267,2,4.0,Swift Delivery,N,Os-221
Hendarta,Yunasri,Hendarta@gmail.com,Magelang,18-4-2018,KP0750AJ,35877,8,5.0,Pru Logistic,Y,Uq-410
Dr,Mulyana,Dr.@livex.com,Padang Sidempuan,16-4-2018,KP0350CF,35121,3,5.0,Pru Logistic,Y,Ld-662
Melissa,Nainggolan ,Nainggolan@rocketmail.com,Metro,15-4-2018,KP0225BB,36319,10,4.0,JENT,Y,Om-150
Linda,Koeswojo,Koeswojo@gmail.com,Serang,14-4-2018,KP0925SG,36402,6,4.0,Wakanda Express,Y,Es-500
Achmad,Budiyanto,Achmad@ymail.com,Madiun,13-4-2018,KP0150BH,36575,9,2.0,Swift Delivery,Y,Fv-123
Pedro,Patrick ,Pedro@livex.com,Mataram,13-4-2018,KP0925SG,36574,6,5.0,JENT,N,Rk-183
Sally,Ciputra,CIPUTRA@rocketmail.com,Cimahi,4-11-2018,KP0750AJ,35158,2,4.0,Swift Delivery,N,Eg-409
Rachmat ,Rachmat,RACHMAT@rocketmail.com,Jakarta Utara,4-10-2018,KP0150BH,35320,5,4.0,Cepat Kirim,N,Gy-333
Johan ,Williang,Williang@ymail.com,Bima,4-9-2018,KP0850FB,35282,8,4.0,Swift Delivery,Y,Nb-183
Ninik ,Hendri ,Ninik@rocketmail.com,Pasuruan,4-7-2018,KP0850FB,35221,5,4.0,JENT,N,Wn-123
Lucia ,Sjarif,Sjarif@rocketmail.com,Padangpanjang,4-5-2018,KP0625AF,35863,3,4.0,JENT,Y,Tx-559
Juliati,Yu-cheng,Yu-Cheng@gmail.com,Surabaya,4-3-2018,KP0925SG,35272,9,4.0,Swift Delivery,Y,Ly-123
Eddy,Tjiu,Eddy@ymail.com,Mataram,4-1-2018,KP0925SG,36337,6,4.0,JENT,Y,Nz-183
A ,Djojosudirdjo,A.@gmail.com,Metro,26-3-2018,KP0625AF,36926,6,4.0,Cepat Kirim,Y,Zc-150
Faiz,Christranto,Christranto@icloudx.com,Palu,23-3-2018,KP0925SG,36042,8,4.0,Swift Delivery,Y,Fi-280
Indahwaty,Aryanto,Aryanto@ymail.com,Jayapura,21-3-2018,KP0750AJ,36915,3,4.0,Swift Delivery,Y,Vl-990
Sri,Dharmaputra,Sri@livex.com,Tomohon,21-3-2018,KP0850FB,35005,7,4.0,JENT,N,Ry-221
Herdin ,Pierre,Pierre@ymail.com,Banjarmasin,20-3-2018,KP0850FB,35498,5,4.0,Swift Delivery,Y,On-991
Soebali,Widjaja,Widjaja@mex.com,Jambi,20-3-2018,KP0850FB,35811,2,4.0,Swift Delivery,N,Pm-512
Andrew ,H,H.@livex.com,Tanjungpinang,19-3-2018,KP0350CF,36591,5,4.0,Wakanda Express,Y,Qs-809
John,Nicolas,John@gmail.com,Palangkaraya,17-3-2018,KP0750AJ,35270,9,4.0,Wakanda Express,Y,Mw-992
Ang,Tjokrosaputro,Ang@ymail.com,Batu,16-3-2018,KP0925SG,35215,2,4.0,Wakanda Express,Y,Ce-123
Harry,Daud,Harry@ymail.com,Tasikmalaya,16-3-2018,KP0425CB,35333,5,4.0,Swift Delivery,Y,Ph-409
Barlianto ,Soeria,Soeria@outlookx.com,Lhokseumawe,13-3-2018,KP0850FB,35686,5,4.0,Wakanda Express,Y,Ht-101
Junus,Widjaja,Junus@ymail.com,Palu,13-3-2018,KP0150BH,35573,8,4.0,JENT,Y,Lq-280
Ichsanuddin,Suhendra,Suhendra@ymail.com,Tanjungpinang,3-11-2018,KP0225BB,35355,10,4.0,Cepat Kirim,Y,Ak-809
Dodi,Pramaditia,Dodi@ymail.com,Bengkulu,3-11-2018,KP0350CF,35727,9,4.0,Wakanda Express,Y,Dt-300
Rudy ,Hartono,Rudy@gmail.com,Jakarta Selatan,3-10-2018,KP0750AJ,36794,10,2.0,Swift Delivery,N,Er-333
Hadysugani ,Office,Hadysugani@ymail.com,Subulussalam,3-10-2018,KP0625AF,35324,5,4.0,Wakanda Express,Y,Ze-101
Handoyo ,Tjipto,Handoyo@gmail.com,Probolinggo,3-9-2018,KP0225BB,36996,2,4.0,Cepat Kirim,Y,Do-123
Handy,Busono,Busono@gmail.com,Tual,3-8-2018,KP0750AJ,35967,9,4.0,Swift Delivery,Y,Hp-171
Myrna ,Markart,Myrna@mex.com,Prabumulih,3-7-2018,KP0050AG,35328,5,4.0,JENT,N,Pk-661
Jessy ,M,Jessy@gmail.com,Tangerang Selatan,3-7-2018,KP0850FB,35826,6,4.0,JENT,Y,Wr-500
Lily ,Tjahaja,Tjahaja@gmail.com,Tegal,3-6-2018,KP0150BH,36527,5,4.0,Swift Delivery,Y,Qz-410
Jimmy,Phair ,Phair@gmail.com,Solok,3-2-2018,KP0050AG,35152,6,4.0,JENT,Y,Yc-559
Sembodo,Silya,Silya@icloudx.com,Dumai,3-2-2018,KP0050AG,36428,3,4.0,Swift Delivery,N,Yc-222
Raju,Halim,Raju@outlookx.com,Sawahlunto,3-2-2018,KP0625AF,35982,3,3.0,Cepat Kirim,N,Ic-559
Rulyani,Pacific ,Rulyani@mex.com,Banjar,28-2-2018,KP0925SG,36420,10,4.0,JENT,N,Fm-409
Iskandar,Bisono,Iskandar@ymail.com,Langsa,27-2-2018,KP0750AJ,35090,2,4.0,JENT,Y,No-101
Anna ,Kosasih,Anna@gmail.com,Pontianak,22-2-2018,KP0050AG,36641,10,4.0,Wakanda Express,Y,Aj-880
Le,Helvani,LE@icloudx.com,Batam,22-2-2018,KP0925SG,35103,5,4.0,Swift Delivery,Y,Qq-809
Michelle,Soesanto,Soesanto@gmail.com,Purwokerto,22-2-2018,KP0925SG,36464,9,4.0,Wakanda Express,Y,Eo-410
Jacub,Sukardjo,Sukardjo@gmail.com,Malang,18-2-2018,KP0925SG,35143,4,4.0,Wakanda Express,Y,Hx-123
Ng,Wibowo,NG@icloudx.com,Sorong,17-2-2018,KP0750AJ,35086,3,4.0,Cepat Kirim,N,Cf-999
Krishnan,Jusuf,Krishnan@gmail.com,Sungai Penuh,16-2-2018,KP0150BH,35192,10,4.0,Pru Logistic,Y,Nw-512
Omar,Golfiani,GOLFIANI@ymail.com,Bukittinggi,16-2-2018,KP0350CF,36247,8,4.0,Wakanda Express,N,Xt-559
Linda,Unjoto ,Linda@gmail.com,Magelang,16-2-2018,KP0750AJ,35768,2,1.0,JENT,Y,Vm-410
Arniaty,Surya,SURYA@livex.com,Tarakan,15-2-2018,KP0850FB,36655,7,2.0,Swift Delivery,Y,Gw-994
Gareth ,Wijaya,Wijaya@icloudx.com,Tangerang Selatan,13-2-2018,KP0925SG,35813,9,4.0,Wakanda Express,Y,Rj-500
Andang,Stratton,Andang@livex.com,Mojokerto,13-2-2018,KP0750AJ,35096,2,4.0,Pru Logistic,Y,Xs-123
Jose,And ,and@ymail.com,Manado,2-12-2018,KP0750AJ,35950,5,4.0,JENT,Y,Mm-221
Ismail,Mulio,Ismail@ymail.com,Bengkulu,2-10-2018,KP0850FB,36955,5,4.0,Wakanda Express,Y,Ek-300
Levi ,Stephana,Stephana@gmail.com,Pontianak,2-8-2018,KP0750AJ,36216,6,4.0,Wakanda Express,Y,Ik-880
Bambang,Magdangal,Magdangal@livex.com,Padang,2-8-2018,KP0150BH,35516,6,4.0,Wakanda Express,Y,Jj-559
Iroshita,Moeliana,Moeliana@gmail.com,Parepare,2-6-2018,KP0150BH,35157,9,4.0,Pru Logistic,Y,Fi-290
Anton,Lal ,Anton@gmail.com,Padang,2-6-2018,KP0150BH,36409,4,4.0,JENT,Y,Qo-559
Eka ,Goenawan,Eka@ymail.com,Pekanbaru,2-5-2018,KP0850FB,36997,2,5.0,Pru Logistic,Y,Zw-222
Adi,Tedjo,Adi@livex.com,Tebingtinggi,2-5-2018,KP0750AJ,36158,5,4.0,Wakanda Express,Y,Sz-662
Evi,Capital,Capital@livex.com,Tual,2-4-2018,KP0350CF,36795,2,4.0,JENT,Y,Vt-171
Heru ,Kiemas ,Heru@ymail.com,Palangkaraya,2-1-2018,KP0150BH,36812,7,4.0,JENT,Y,Ze-992
Sohet,Dorpi,Sohet@outlookx.com,Bontang,2-1-2018,KP0850FB,35537,4,3.0,Swift Delivery,N,Bv-993
Ongko,Faried,Faried@outlookx.com,Palangkaraya,2-1-2018,KP0425CB,36413,10,4.0,JENT,N,Ms-992
Donny,Barki,Barki@ymail.com,Purwokerto,27-1-2018,KP0850FB,35363,2,4.0,Pru Logistic,Y,Bs-410
Doni ,Tjokrosaputro,Doni@gmail.com,Metro,26-1-2018,KP0750AJ,36356,6,4.0,Pru Logistic,Y,Sd-150
Ricky ,Nuryono,Nuryono@outlookx.com,Jakarta Pusat,25-1-2018,KP0150BH,35208,8,4.0,Pru Logistic,N,Np-333
Ravi,Ta,Ta@livex.com,Balikpapan,25-1-2018,KP0750AJ,36123,2,3.0,Pru Logistic,N,Ml-993
Hioe,Unjoto,Unjoto@ymail.com,Bandar Lampung,24-1-2018,KP0750AJ,36624,6,1.0,Cepat Kirim,Y,Rl-150
Murdaya,Leo,Leo@icloudx.com,Bau-Bau,24-1-2018,KP0925SG,35505,4,4.0,Swift Delivery,N,Ez-250
Hadidarma ,Toi,Toi@ymail.com,Solok,23-1-2018,KP0225BB,35931,7,4.0,JENT,Y,Yq-559
Henry ,Koesnadi,KOESNADI@gmail.com,Bandar Lampung,20-1-2018,KP0150BH,35673,10,4.0,Swift Delivery,Y,Xf-150
Florden,Moenzir,Moenzir@ymail.com,Samarinda,19-1-2018,KP0850FB,35671,6,4.0,JENT,Y,Iw-993
Harry,Sastrajaya,Harry@gmail.com,Serang,17-1-2018,KP0750AJ,35346,3,4.0,Swift Delivery,Y,Ph-500
Hendra,Valiant,Hendra@gmail.com,Tarakan,17-1-2018,KP0750AJ,36583,3,4.0,Wakanda Express,Y,Mg-994
Dicky ,Raviana,Raviana@ymail.com,Sukabumi,16-1-2018,KP0850FB,36594,8,4.0,Wakanda Express,Y,Aa-409
Budi ,Sie,Budi@outlookx.com,Blitar,15-1-2018,KP0925SG,36495,6,3.0,JENT,Y,Qp-123
Achmad,C,C.@ymail.com,Pekanbaru,15-1-2018,KP0225BB,35935,5,4.0,JENT,Y,Qs-222
Pernardi,Waty,Pernardi@outlookx.com,Sukabumi,14-1-2018,KP0150BH,35880,2,4.0,Cepat Kirim,N,Bt-409
Hilary ,Siddik ,Hilary@gmail.com,Tebingtinggi,13-1-2018,KP0425CB,35769,8,4.0,JENT,Y,Zf-662
Dewi,Maria ,Dewi@gmail.com,Palangkaraya,13-1-2018,KP0850FB,36383,5,4.0,JENT,Y,Il-992
Miranda,Kardono,Miranda@icloudx.com,Pematangsiantar,13-1-2018,KP0550EH,35852,9,4.0,Wakanda Express,Y,Ba-662
Solihin ,Johnny,Solihin@outlookx.com,Tidore Kepulauan,1-12-2018,KP0425CB,35970,3,2.0,Swift Delivery,N,Yc-160
Bachrumsyah ,Rion,Bachrumsyah@icloudx.com,Tual,1-10-2018,KP0350CF,36314,4,4.0,Wakanda Express,Y,Zz-171
Ronald ,Miksar,Ronald@icloudx.com,Sawahlunto,1-9-2018,KP0850FB,35903,10,4.0,Wakanda Express,N,Of-559
Suhangkat ,Santoso ,Suhangkat@mex.com,Tangerang,1-9-2018,KP0925SG,36948,6,4.0,JENT,N,Za-500
Bong,Ruwiyadi,Bong@gmail.com,Banjar,1-9-2018,KP0150BH,35137,7,4.0,Cepat Kirim,Y,Gz-409
Khou,Surono,Khou@gmail.com,Banjar,1-8-2018,KP0425CB,35712,10,2.0,Swift Delivery,Y,Sn-409
Hotman,Derice,Hotman@ymail.com,Metro,1-8-2018,KP0425CB,36690,10,4.0,Wakanda Express,Y,Zw-150
Gt,Niaga,GT@gmail.com,Lhokseumawe,1-7-2018,KP0350CF,36361,9,4.0,Wakanda Express,Y,Us-101
Sari ,Richard,Sari@icloudx.com,Banjarbaru,1-6-2018,KP0625AF,36142,9,4.0,Swift Delivery,N,Zk-991
Choo,Karamchandani,Choo@outlookx.com,Tasikmalaya,1-1-2018,KP0225BB,35092,4,4.0,Pru Logistic,Y,Gh-409
Hermansjah,Putra,Hermansjah@ymail.com,Banda Aceh,1-1-2018,KP0850FB,36134,6,4.0,Cepat Kirim,Y,Rh-101
Septo ,Ong,Septo@ymail.com,Banda Aceh,28-12-2017,KP0850FB,36838,3,4.0,Cepat Kirim,N,Tr-101
Metta,Basyir,Metta@ymail.com,Medan,28-12-2017,KP0850FB,35628,4,4.0,Swift Delivery,Y,Rn-662
Andrew ,Eddy,Andrew@ymail.com,Manado,27-12-2017,KP0350CF,36598,6,4.0,Swift Delivery,Y,Qo-221
Rori ,Group,Group@ymail.com,Pariaman,27-12-2017,KP0750AJ,35311,8,4.0,JENT,N,Rh-559
Baldeo,Agil ,Baldeo@ymail.com,Tomohon,26-12-2017,KP0050AG,35959,7,4.0,JENT,Y,Uj-221
Adji,Widjojo,Adji@livex.com,Tarakan,26-12-2017,KP0850FB,36748,6,4.0,Cepat Kirim,Y,Ak-994
Iwan ,Hardjanto,Iwan@ymail.com,Singkawang,24-12-2017,KP0050AG,36548,5,4.0,Swift Delivery,Y,Fb-880
Roni ,Landajani,Landajani@gmail.com,Sorong,23-12-2017,KP0750AJ,35384,4,4.0,Wakanda Express,N,Be-999
Multi-holdings,Asia ,Multi-Holdings@rocketmail.com,Bima,23-12-2017,KP0050AG,36174,8,4.0,JENT,N,Bl-183
Hardy,Noer,Hardy@ymail.com,Langsa,23-12-2017,KP0625AF,35876,3,4.0,Swift Delivery,Y,Ev-101
Handy,Budiman,Handy@ymail.com,Jakarta Timur,23-12-2017,KP0350CF,36437,7,4.0,Cepat Kirim,Y,In-333
Pat ,Mulyono,Pat@livex.com,Tanjungpinang,18-12-2017,KP0625AF,36460,3,4.0,JENT,N,Ez-809
Gary ,Yohan,Gary@ymail.com,Tanjungpinang,16-12-2017,KP0350CF,35724,9,4.0,Cepat Kirim,Y,Ij-809
Asian ,Femi,Femi@ymail.com,Payakumbuh,14-12-2017,KP0750AJ,36209,5,4.0,Wakanda Express,Y,Zu-559
Basir,Moeis,Moeis@livex.com,Tarakan,13-12-2017,KP0850FB,36378,2,4.0,Wakanda Express,Y,Xm-994
Douglas ,Lucas ,Lucas@livex.com,Binjai,12-12-2017,KP0050AG,36150,2,4.0,JENT,Y,Ax-662
Rafael,Andhika,Andhika@rocketmail.com,Kupang,12-12-2017,KP0750AJ,36190,2,4.0,JENT,N,Ui-185
Heru,Lekhraj,Lekhraj@ymail.com,Bontang,12-10-2017,KP0850FB,35701,10,4.0,JENT,Y,Pp-993
B,Kurniadi,B.@gmail.com,Medan,12-10-2017,KP0350CF,36531,6,4.0,Wakanda Express,Y,Sb-662
Sugiono,Securities,Securities@icloudx.com,Lubuklinggau,12-7-2017,KP0850FB,35369,2,2.0,JENT,N,Hm-661
Law,Effendi,Effendi@outlookx.com,Banjar,12-7-2017,KP0750AJ,35682,5,4.0,Pru Logistic,Y,En-409
Peter,Ongko,Peter@gmail.com,Padangpanjang,12-5-2017,KP0925SG,35941,5,3.0,Wakanda Express,N,Au-559
Ridwan,Tejowarno,Tejowarno@ymail.com,Sibolga,28-11-2017,KP0850FB,36994,10,4.0,Swift Delivery,N,El-662
Irawan,Moi,Moi@gmail.com,Manado,28-11-2017,KP0750AJ,36902,8,4.0,Wakanda Express,Y,Fi-221
Henking ,Ikbal ,Ikbal@ymail.com,Pontianak,26-11-2017,KP0050AG,36660,10,4.0,JENT,Y,Hq-880
Lee ,Faizal,Lee@livex.com,Mojokerto,25-11-2017,KP0850FB,36470,4,4.0,JENT,Y,Zb-123
Fifi,Melbourne,MELBOURNE@outlookx.com,Gorontalo,23-11-2017,KP0625AF,36184,10,5.0,Wakanda Express,Y,Fq-983
Effendy,Halim ,Halim@icloudx.com,Malang,22-11-2017,KP0925SG,35154,2,4.0,JENT,Y,Wj-123
Chew,Widjaja ,Chew@livex.com,Tomohon,21-11-2017,KP0425CB,35341,3,4.0,JENT,Y,Wm-221
Hendy ,Masehi,Hendy@gmail.com,Pangkalpinang,19-11-2017,KP0850FB,36450,7,4.0,Cepat Kirim,Y,Ou-120
Martina ,Arto,Martina@livex.com,Tanjungpinang,19-11-2017,KP0625AF,35829,5,4.0,Wakanda Express,Y,Kz-809
Erwin ,Salim,Salim@icloudx.com,Jambi,18-11-2017,KP0050AG,36060,8,5.0,Swift Delivery,Y,Ci-512
Erwin,Halim,Halim@livex.com,Pekalongan,17-11-2017,KP0150BH,35894,4,4.0,Wakanda Express,Y,Wg-410
Irawan ,Ahmad,Irawan@gmail.com,Banjarmasin,16-11-2017,KP0850FB,36489,3,4.0,Swift Delivery,Y,Wd-991
Stewart,Gallamnn,Gallamnn@mex.com,Banjarbaru,16-11-2017,KP0750AJ,35576,6,4.0,Wakanda Express,N,Cu-991
Lauw,Dewono,Dewono@gmail.com,Manado,16-11-2017,KP0925SG,35097,5,4.0,Wakanda Express,Y,Lj-221
Irawan ,Angkawidjaja,IRAWAN@ymail.com,Semarang,15-11-2017,KP0050AG,35513,5,4.0,Swift Delivery,Y,Ux-410
Alien ,Irwan,Irwan@gmail.com,Tasikmalaya,13-11-2017,KP0625AF,36251,2,4.0,JENT,Y,Ol-409
Rachmat ,Rahayu,Rahayu@ymail.com,Gorontalo,11-12-2017,KP0625AF,35975,6,4.0,JENT,N,Gy-983
Krisnadi ,Widjajanti ,Krisnadi@gmail.com,Bandar Lampung,11-10-2017,KP0925SG,35858,10,4.0,JENT,Y,Ih-150
Linda,Kee,Linda@outlookx.com,Tebingtinggi,11-10-2017,KP0925SG,36736,9,4.0,JENT,Y,Fw-662
Joachim ,Jahja,Joachim@ymail.com,Mojokerto,11-5-2017,KP0850FB,35061,6,4.0,Swift Delivery,Y,My-123
Dewi,Maclachlan,Maclachlan@icloudx.com,Surakarta,11-5-2017,KP0625AF,35797,10,4.0,Wakanda Express,Y,Eb-410
Siman,Pujiastuti ,Siman@outlookx.com,Padang Sidempuan,11-5-2017,KP0625AF,35660,6,4.0,JENT,N,Qo-662
Elizabeth ,Widjoyo,Elizabeth@gmail.com,Bogor,11-4-2017,KP0150BH,35653,4,4.0,Pru Logistic,Y,Or-409
Erwin ,Anand,Anand@gmail.com,Sabang,11-3-2017,KP0350CF,35365,5,5.0,Cepat Kirim,Y,Tc-101
Iwan,Faisal,Faisal@ymail.com,Lhokseumawe,11-2-2017,KP0850FB,35150,6,4.0,Swift Delivery,Y,Vm-101
Andi,Hamdani,Andi@ymail.com,Tual,11-2-2017,KP0850FB,36312,2,4.0,Swift Delivery,Y,Js-171
Benjamin,S,Benjamin@icloudx.com,Gorontalo,11-2-2017,KP0750AJ,35377,2,4.0,JENT,Y,Qu-983
Darmawansjah,Johan,Johan@outlookx.com,Meulaboh,28-10-2017,KP0350CF,36642,7,5.0,Wakanda Express,Y,Dj-101
Abu,Sally,Abu@ymail.com,Balikpapan,27-10-2017,KP0350CF,36012,7,4.0,Cepat Kirim,Y,Qc-993
Alexandra,Muljo,Alexandra@ymail.com,Mojokerto,27-10-2017,KP0625AF,36606,9,4.0,Cepat Kirim,Y,Pi-123
Calvin,Carmen,Calvin@icloudx.com,Pariaman,26-10-2017,KP0750AJ,36482,8,4.0,Cepat Kirim,Y,Hm-559
Aurelia,Siregar,Aurelia@livex.com,Cilegon,25-10-2017,KP0625AF,35649,5,4.0,Cepat Kirim,Y,Iq-500
David,Hirawan,Hirawan@outlookx.com,Batam,24-10-2017,KP0850FB,35854,8,4.0,JENT,Y,Zf-809
Gunawan,Api,Gunawan@gmail.com,Kotamobagu,21-10-2017,KP0750AJ,36650,10,4.0,Swift Delivery,Y,Nr-221
Herman,Sutandinata,Sutandinata@gmail.com,Blitar,20-10-2017,KP0625AF,36418,10,4.0,Pru Logistic,Y,Jl-123
Istini,Setyawan,Setyawan@ymail.com,Palembang,19-10-2017,KP0225BB,35822,4,2.0,Wakanda Express,Y,Dx-661
Guat,Lie ,Guat@gmail.com,Sorong,17-10-2017,KP0350CF,35387,3,2.0,JENT,Y,Dq-999
Eric ,Setiawan,Setiawan@outlookx.com,Denpasar,16-10-2017,KP0050AG,35378,5,4.0,Swift Delivery,Y,Ey-201
Michael,Limited,Limited@icloudx.com,Cirebon,15-10-2017,KP0425CB,35765,4,4.0,Wakanda Express,Y,Oj-409
Siauw ,Leuchtenberg,Leuchtenberg@gmail.com,Bandung,14-10-2017,KP0850FB,36476,6,4.0,JENT,N,Fj-409
Aziar,Rusli,Aziar@ymail.com,Jambi,13-10-2017,KP0850FB,36804,9,4.0,Swift Delivery,Y,Pz-512
Dan ,Sandjojo,Sandjojo@gmail.com,Banjar,10-12-2017,KP0850FB,36756,10,4.0,Swift Delivery,Y,Vo-409
Subuh,Luciana,Subuh@outlookx.com,Banjar,10-12-2017,KP0150BH,35677,10,5.0,JENT,N,Lq-409
Retno,Meriati,Retno@livex.com,Makassar,10-10-2017,KP0850FB,35930,5,4.0,Wakanda Express,N,Tl-290
Chandler,Sumantri,Chandler@icloudx.com,Tasikmalaya,10-9-2017,KP0925SG,36422,3,4.0,Cepat Kirim,Y,Uc-409
Roger ,Lim,Roger@gmail.com,Metro,10-7-2017,KP0350CF,35853,8,4.0,Wakanda Express,N,Lv-150
Rudi,Mang,Mang@gmail.com,Malang,10-6-2017,KP0925SG,36469,2,4.0,Cepat Kirim,N,Rl-123
Jemmy,Soegiharto,Soegiharto@gmail.com,Meulaboh,10-4-2017,KP0925SG,36949,2,2.0,Wakanda Express,Y,Zj-101
Kang ,Perkasa,Kang@ymail.com,Salatiga,10-3-2017,KP0925SG,36678,9,5.0,Swift Delivery,Y,Fm-410
Nini,Lim,Nini@icloudx.com,Tangerang Selatan,10-3-2017,KP0850FB,36107,8,4.0,JENT,N,Rc-500
Lijatini,Suryati,Suryati@gmail.com,Lubuklinggau,10-2-2017,KP0350CF,36904,7,4.0,JENT,Y,Wg-661
Edi,Mailoa,Edi@ymail.com,Banjarbaru,10-2-2017,KP0225BB,35443,4,5.0,Wakanda Express,Y,Qe-991
Kitty,Dharma ,Dharma@ymail.com,Solok,10-1-2017,KP0150BH,35482,5,4.0,JENT,Y,Fj-559
Sujono ,Franklin ,Franklin@outlookx.com,Cilegon,28-9-2017,KP0625AF,36757,10,4.0,JENT,N,Up-500
Leda,Indra,Indra@rocketmail.com,Ternate,28-9-2017,KP0625AF,35817,4,4.0,Swift Delivery,Y,Lx-160
Richard ,Eldelina,Eldelina@livex.com,Tomohon,27-9-2017,KP0850FB,35235,3,5.0,Swift Delivery,N,Ap-221
Pao ,Halim,PAO@ymail.com,Padang,27-9-2017,KP0550EH,35871,5,1.0,Cepat Kirim,N,Sk-559
Raymond,Sapta,Raymond@icloudx.com,Bukittinggi,26-9-2017,KP0850FB,36674,7,5.0,Wakanda Express,N,Yx-559
Roberto,Arpan,Roberto@gmail.com,Pasuruan,26-9-2017,KP0750AJ,36374,8,5.0,Pru Logistic,N,Ej-123
Lovri,Nelson,Lovri@livex.com,Gorontalo,25-9-2017,KP0850FB,36752,8,4.0,Swift Delivery,Y,Sv-983
Herman,Hambali,Hambali@ymail.com,Jayapura,25-9-2017,KP0425CB,36030,7,3.0,Cepat Kirim,Y,Ti-990
Benny ,Santoso,BENNY@ymail.com,Solok,22-9-2017,KP0150BH,35284,7,4.0,Cepat Kirim,Y,Xc-559
Sugiono ,Tandjung,Sugiono@rocketmail.com,Tanjungpinang,22-9-2017,KP0750AJ,35162,9,4.0,Cepat Kirim,N,Jx-809
Dr,Tenacious,Tenacious@icloudx.com,Parepare,22-9-2017,KP0225BB,36056,6,4.0,Swift Delivery,Y,Jb-290
Husin,Yohan ,Husin@gmail.com,Subulussalam,21-9-2017,KP0925SG,36466,5,4.0,JENT,Y,Qg-101
Ari ,Nugraha,Nugraha@ymail.com,Mataram,18-9-2017,KP0925SG,35861,10,4.0,JENT,Y,Nm-183
Pudjiastuti,Fatina,Pudjiastuti@mex.com,Tebingtinggi,18-9-2017,KP0050AG,35802,3,5.0,Pru Logistic,N,Fg-662
Romo ,Januarti,Romo@ymail.com,Balikpapan,17-9-2017,KP0150BH,35006,7,4.0,JENT,N,Ic-993
Herumanlo,Sjah,Herumanlo@ymail.com,Bekasi,17-9-2017,KP0225BB,36472,3,4.0,Wakanda Express,Y,Kh-409
Elly ,Gunawan,Elly@ymail.com,Serang,13-9-2017,KP0625AF,35740,9,5.0,Wakanda Express,Y,Ik-500
Suharman ,Ida ,Suharman@livex.com,Pontianak,13-9-2017,KP0625AF,36258,9,4.0,JENT,N,Ce-880
Fan ,Soetemo,Fan@outlookx.com,Madiun,9-10-2017,KP0750AJ,35008,6,3.0,Swift Delivery,Y,Cd-123
Kitty ,Hadi,Kitty@gmail.com,Bukittinggi,9-9-2017,KP0925SG,36676,6,4.0,JENT,Y,Br-559
James,Gunawan,James@ymail.com,Langsa,9-9-2017,KP0225BB,36326,3,4.0,JENT,Y,Hd-101
Ima,Wiriadinata,WIRIADINATA@ymail.com,Cilegon,9-8-2017,KP0850FB,36010,6,4.0,JENT,Y,Fp-500
Pradeep,Wirawan,Wirawan@rocketmail.com,Mataram,9-6-2017,KP0850FB,35247,3,4.0,Wakanda Express,N,Wh-183
Hermani ,Ravi,Ravi@ymail.com,Pasuruan,9-5-2017,KP0225BB,36454,8,4.0,Cepat Kirim,Y,Fl-123
Robin ,Rochimat,Robin@gmail.com,Padang,9-3-2017,KP0150BH,35714,7,4.0,Swift Delivery,N,Eg-559
Liem ,Hamzah ,Liem@ymail.com,Padang Sidempuan,9-2-2017,KP0350CF,36145,3,4.0,JENT,Y,Tr-662
Ahmad,Usman,Ahmad@ymail.com,Malang,9-2-2017,KP0925SG,36721,2,4.0,Wakanda Express,Y,Ng-123
Elline,Mckay,Elline@outlookx.com,Cirebon,9-2-2017,KP0625AF,36942,2,4.0,Swift Delivery,Y,Gg-409
Jan,Ferdinand,Ferdinand@gmail.com,Binjai,9-2-2017,KP0625AF,35870,3,5.0,JENT,Y,Au-662
Devin,Victoria,Victoria@gmail.com,Langsa,9-2-2017,KP0925SG,35687,6,4.0,Wakanda Express,Y,Bg-101
Razief,Abelarde,Abelarde@livex.com,Meulaboh,9-1-2017,KP0225BB,35596,8,4.0,Pru Logistic,N,Ed-101
Antonius,Azhari,Azhari@ymail.com,Banda Aceh,28-8-2017,KP0850FB,35127,9,5.0,Pru Logistic,Y,Ok-101
Alan,Tioniwar,Tioniwar@livex.com,Samarinda,28-8-2017,KP0350CF,36844,2,4.0,Wakanda Express,Y,Ps-993
Madampath ,Arief,Madampath@icloudx.com,Yogyakarta,26-8-2017,KP0625AF,35485,10,4.0,Pru Logistic,Y,Aq-444
Roger,Suliawan,Roger@ymail.com,Jakarta Pusat,25-8-2017,KP0425CB,35371,6,4.0,Cepat Kirim,N,Bj-333
Elsa,Mogi,Elsa@livex.com,Tanjungbalai,24-8-2017,KP0625AF,36790,4,2.0,Pru Logistic,Y,Wi-662
Budijuwono,Prasetyo,BUDIJUWONO@livex.com,Padang,22-8-2017,KP0750AJ,35887,2,4.0,Swift Delivery,Y,Tn-559
Peter ,Equity,EQUITY@outlookx.com,Jakarta Timur,19-8-2017,KP0625AF,35517,4,4.0,Swift Delivery,N,Xh-333
Philip,Perkantoran,PHILIP@livex.com,Tual,19-8-2017,KP0425CB,36832,3,4.0,Pru Logistic,N,Rn-171
Ferry,Ramchand,Ferry@gmail.com,Tanjungbalai,19-8-2017,KP0625AF,35899,9,3.0,Cepat Kirim,Y,Eh-662
Vivian,Kent,Kent@icloudx.com,Tanjungbalai,19-8-2017,KP0350CF,36235,8,4.0,JENT,N,Qa-662
Kompleks,Rusming,Kompleks@ymail.com,Depok,17-8-2017,KP0850FB,35448,6,4.0,Wakanda Express,Y,Zr-409
Sugun ,Donald,Sugun@mex.com,Bontang,16-8-2017,KP0425CB,36320,5,4.0,Wakanda Express,N,Jc-993
Reimer,Rahman,Reimer@ymail.com,Pariaman,16-8-2017,KP0350CF,36546,2,4.0,Cepat Kirim,N,Fm-559
Danny,Budhi,Budhi@ymail.com,Makassar,14-8-2017,KP0850FB,35633,9,4.0,JENT,Y,Rx-290
Aminoto ,Siswanto,Siswanto@ymail.com,Metro,8-10-2017,KP0350CF,35250,4,4.0,JENT,Y,Ec-150
Sacheen,Aminah,Aminah@mex.com,Palopo,8-9-2017,KP0350CF,35209,9,4.0,Cepat Kirim,N,Ov-290
Henry,Limardo ,HENRY@gmail.com,Ternate,8-9-2017,KP0150BH,36550,4,4.0,JENT,Y,Fh-160
Indra ,Kentjanawati,Kentjanawati@gmail.com,Subulussalam,8-8-2017,KP0225BB,36617,4,4.0,Swift Delivery,Y,Xj-101
Jamin,Gelael,Gelael@gmail.com,Pekanbaru,8-7-2017,KP0750AJ,36389,5,3.0,Wakanda Express,Y,Lp-222
Fas,Pramudyo,Pramudyo@icloudx.com,Kediri,8-7-2017,KP0625AF,36008,5,4.0,Wakanda Express,Y,Qs-123
Angus ,Kadarachman,Kadarachman@livex.com,Sorong,8-6-2017,KP0350CF,35335,9,4.0,Wakanda Express,Y,Vv-999
Andy,Sulistyorini,Sulistyorini@gmail.com,Palangkaraya,8-6-2017,KP0750AJ,35882,8,4.0,Swift Delivery,Y,Ml-992
Stephen,Subrata,Stephen@rocketmail.com,Lhokseumawe,8-4-2017,KP0750AJ,35416,2,4.0,Wakanda Express,N,Wv-101
Anton,Aksa,Anton@ymail.com,Solok,8-4-2017,KP0850FB,36775,10,3.0,Cepat Kirim,Y,Lb-559
Kusnadi ,Xaverius ,Kusnadi@gmail.com,Langsa,8-3-2017,KP0850FB,36179,8,4.0,JENT,Y,Co-101
Djauhara,Tjandra,Djauhara@gmail.com,Palembang,8-2-2017,KP0225BB,36076,8,3.0,Cepat Kirim,Y,Gb-661
Eko ,Soat,Eko@icloudx.com,Tasikmalaya,8-1-2017,KP0850FB,35725,9,4.0,Cepat Kirim,Y,Th-409
Kaizer ,Subianto,Kaizer@gmail.com,Manado,28-7-2017,KP0750AJ,35742,9,4.0,Swift Delivery,Y,Nq-221
Richard,Padilla,Padilla@gmail.com,Pontianak,28-7-2017,KP0925SG,35239,7,4.0,Cepat Kirim,N,La-880
Djoni,Kusumawati ,Djoni@ymail.com,Bogor,26-7-2017,KP0925SG,35080,10,4.0,JENT,Y,Js-409
Herry ,Soegiarto,Soegiarto@gmail.com,Metro,25-7-2017,KP0625AF,36065,5,4.0,Wakanda Express,Y,Pv-150
Beata ,Sumartono,Sumartono@icloudx.com,Palu,22-7-2017,KP0350CF,36707,6,4.0,Wakanda Express,Y,Hy-280
Alex,Ganasutrisna,Alex@livex.com,Serang,22-7-2017,KP0850FB,35193,9,4.0,Pru Logistic,Y,Qm-500
Nelson,Kuchenbecker ,Kuchenbecker@livex.com,Madiun,21-7-2017,KP0850FB,35761,2,4.0,JENT,N,Xe-123
Meslin ,Leitch ,MESLIN@gmail.com,Pariaman,20-7-2017,KP0625AF,35997,6,4.0,JENT,Y,Jc-559
Elisabeth,Djohari ,Elisabeth@ymail.com,Depok,20-7-2017,KP0625AF,35868,4,4.0,JENT,Y,Dw-409
Hari ,Mulyono,Mulyono@ymail.com,Bandung,17-7-2017,KP0625AF,35605,8,4.0,JENT,Y,Lf-409
Chu ,Tirtaguna,Tirtaguna@ymail.com,Dumai,15-7-2017,KP0925SG,36215,7,4.0,JENT,Y,Er-222
Iwan ,Alamsjah,Alamsjah@gmail.com,Palembang,14-7-2017,KP0925SG,35382,3,4.0,Wakanda Express,Y,Bw-661
Stephen,Effendi,Stephen@gmail.com,Lubuklinggau,7-9-2017,KP0925SG,35477,9,4.0,Cepat Kirim,N,Tl-661
Arie,Sutandy,Arie@ymail.com,Palopo,7-9-2017,KP0925SG,36099,2,4.0,Swift Delivery,Y,Db-290
Raymond,Angkosubroto,Raymond@mex.com,Padangpanjang,7-5-2017,KP0625AF,36407,8,4.0,Cepat Kirim,N,Cy-559
Rudy,Na,Na@livex.com,Sabang,7-5-2017,KP0150BH,35309,6,4.0,Swift Delivery,N,Aq-101
Anuj,Kusumawati,Anuj@livex.com,Makassar,7-4-2017,KP0850FB,35847,9,4.0,JENT,Y,Jd-290
Angus ,Sik,Sik@ymail.com,Magelang,7-3-2017,KP0350CF,36564,6,4.0,Pru Logistic,Y,Vi-410
Arman,Maya,Arman@livex.com,Tebingtinggi,7-3-2017,KP0350CF,36111,2,4.0,Cepat Kirim,Y,Zj-662
Gahet,Frederik,Gahet@outlookx.com,Padang,7-1-2017,KP0150BH,36193,6,4.0,Wakanda Express,Y,Ne-559
Grant,Sutantyo,Grant@ymail.com,Surakarta,27-6-2017,KP0925SG,35992,8,2.0,Pru Logistic,Y,Ji-410
Gita,Group,GITA@ymail.com,Lubuklinggau,25-6-2017,KP0625AF,35961,5,4.0,Swift Delivery,Y,Dv-661
Victor,Luhur,Luhur@icloudx.com,Magelang,25-6-2017,KP0150BH,35480,6,4.0,JENT,N,rm-410
Armedta,Christina,Christina@livex.com,Denpasar,24-6-2017,KP0350CF,35175,5,4.0,Wakanda Express,Y,ve-201
Henny,Oen ,Henny@gmail.com,Tarakan,22-6-2017,KP0425CB,36028,7,4.0,JENT,Y,cf-994
Radisha,Tjen,Radisha@gmail.com,Cirebon,21-6-2017,KP0625AF,36447,4,4.0,Cepat Kirim,N,jp-409
Lukman,Adelberd,Lukman@gmail.com,Medan,21-6-2017,KP0925SG,35798,10,4.0,Cepat Kirim,Y,ke-662
Mohamad,Ivan,Ivan@rocketmail.com,Surabaya,20-6-2017,KP0625AF,36647,8,4.0,Wakanda Express,Y,we-123
Andre,Leebrianto,Andre@gmail.com,Metro,19-6-2017,KP0150BH,35574,2,4.0,JENT,Y,ti-150
Raymond ,David ,David@rocketmail.com,Binjai,18-6-2017,KP0050AG,35915,2,4.0,JENT,N,cf-662
Suhadi ,Muliadi,Muliadi@icloudx.com,Banda Aceh,17-6-2017,KP0750AJ,35776,2,2.0,JENT,N,ry-101
Lim,Setiono,Lim@gmail.com,Solok,17-6-2017,KP0425CB,36802,2,4.0,Swift Delivery,Y,gt-559
Jyoti,Wijaya ,Wijaya@gmail.com,Cimahi,16-6-2017,KP0850FB,36849,7,4.0,JENT,Y,ns-409
Jusuf ,Riupassa,Jusuf@ymail.com,Denpasar,15-6-2017,KP0625AF,36465,2,4.0,Cepat Kirim,Y,ov-201
Sufan ,Podiman,Sufan@gmail.com,Jakarta Selatan,13-6-2017,KP0850FB,36388,3,4.0,JENT,N,nq-333
Aling ,Naiborhu ,Aling@ymail.com,Manado,6-12-2017,KP0750AJ,35484,7,3.0,JENT,Y,ya-221
Agus ,Lianawati,Agus@gmail.com,Pasuruan,6-11-2017,KP0150BH,35639,9,4.0,Swift Delivery,Y,pg-123
Gunardi,Lakmudin ,Lakmudin@ymail.com,Bogor,6-11-2017,KP0425CB,35102,8,4.0,JENT,Y,ll-409
Hosea,Dewi,Dewi@ymail.com,Malang,6-10-2017,KP0050AG,36053,9,4.0,Cepat Kirim,Y,jm-123
Poppy,Darmadi ,Poppy@ymail.com,Banjarmasin,6-7-2017,KP0350CF,36533,5,4.0,JENT,N,zy-991
Lina ,Putra,LINA@icloudx.com,Lubuklinggau,6-6-2017,KP0350CF,36346,3,4.0,JENT,Y,co-661
Edwin ,Tunggul,Tunggul@ymail.com,Sorong,6-6-2017,KP0150BH,35535,9,4.0,Swift Delivery,Y,rq-999
Mary ,Sidharta,Sidharta@outlookx.com,Malang,6-5-2017,KP0350CF,35580,10,4.0,Pru Logistic,Y,pe-123
Herman,Noorsy ,Herman@gmail.com,Palopo,6-4-2017,KP0625AF,36762,7,4.0,JENT,Y,qu-290
Mohamad,Susilo,Susilo@ymail.com,Medan,6-3-2017,KP0850FB,36313,5,5.0,JENT,Y,an-662
Bobby,Handri,Handri@outlookx.com,Payakumbuh,6-3-2017,KP0850FB,35343,7,3.0,JENT,Y,oz-559
Liem,Budijarto,Liem@rocketmail.com,Palopo,6-3-2017,KP0225BB,36405,4,4.0,Cepat Kirim,Y,zz-290
Oetie ,Abujono,Oetie@rocketmail.com,Banjarbaru,6-2-2017,KP0225BB,36282,5,4.0,Swift Delivery,N,uk-991
Lim ,Hardono ,Hardono@livex.com,Banda Aceh,6-1-2017,KP0850FB,36488,8,4.0,JENT,Y,mr-101
Adri ,Suitono,Suitono@ymail.com,Cilegon,6-1-2017,KP0150BH,36285,2,4.0,Wakanda Express,Y,yo-500
Abdullah,Alatas ,Alatas@ymail.com,Surakarta,6-1-2017,KP0750AJ,35060,2,4.0,JENT,Y,qh-410
Eunice,Wiyono ,Eunice@outlookx.com,Madiun,28-5-2017,KP0350CF,36604,3,5.0,JENT,Y,wt-123
Danny ,Basuki,Danny@ymail.com,Jambi,27-5-2017,KP0625AF,35875,8,4.0,Swift Delivery,Y,qa-512
Hendra,Jimmy,Jimmy@gmail.com,Medan,27-5-2017,KP0850FB,35726,5,4.0,Swift Delivery,Y,yk-662
Hanson ,Wargana,Wargana@gmail.com,Prabumulih,26-5-2017,KP0625AF,36095,4,4.0,Swift Delivery,Y,xp-661
Adelina ,Bowden,BOWDEN@gmail.com,Cirebon,26-5-2017,KP0750AJ,36987,5,1.0,Swift Delivery,Y,ft-409
Doreen,Kong,Kong@livex.com,Palembang,26-5-2017,KP0750AJ,35153,3,4.0,JENT,Y,np-661
Petrus,Hugh,Hugh@livex.com,Bandung,25-5-2017,KP0925SG,36187,4,4.0,Pru Logistic,N,en-409
Beatrice ,Tedjajadi,Tedjajadi@gmail.com,Blitar,24-5-2017,KP0150BH,36342,6,4.0,JENT,Y,wn-123
Dina ,Limited,Dina@icloudx.com,Solok,24-5-2017,KP0350CF,36090,9,3.0,Swift Delivery,Y,je-559
Fonny,Irawan ,Fonny@livex.com,Pekalongan,22-5-2017,KP0850FB,36561,5,4.0,JENT,Y,zp-410
Christian,Supardi,Supardi@icloudx.com,Banda Aceh,21-5-2017,KP0350CF,36104,4,4.0,Cepat Kirim,Y,jz-101
Maiko ,Endi,Endi@icloudx.com,Makassar,20-5-2017,KP0750AJ,36220,2,4.0,Swift Delivery,Y,qx-290
Nazarudin,Anggraini ,Nazarudin@mex.com,Padang,18-5-2017,KP0150BH,35296,4,4.0,JENT,N,nd-559
Emily ,Risjad ,Risjad@livex.com,Cilegon,17-5-2017,KP0225BB,36685,8,4.0,JENT,Y,qt-500
Christanto,Soetoyo,Christanto@icloudx.com,Kupang,17-5-2017,KP0850FB,36156,5,4.0,JENT,Y,ke-185
Ng ,Siswadi,Ng@gmail.com,Banjarbaru,13-5-2017,KP0925SG,36307,2,4.0,Swift Delivery,N,jo-991
Anthony,Basuki ,Anthony@livex.com,Magelang,13-5-2017,KP0850FB,36050,6,4.0,JENT,Y,ty-410
Mulyadi ,Hasyim,Mulyadi@rocketmail.com,Metro,5-12-2017,KP0225BB,35364,9,4.0,JENT,N,rz-150
Ledres,Wibowo ,LEDRES@icloudx.com,Singkawang,5-12-2017,KP0625AF,36480,5,4.0,JENT,Y,yu-880
Meigawaty,Abdul,Meigawaty@livex.com,Singkawang,5-11-2017,KP0225BB,35499,8,4.0,Cepat Kirim,Y,va-880
Peter,Kiu,Kiu@rocketmail.com,Tangerang,5-11-2017,KP0225BB,36396,7,4.0,Wakanda Express,N,zi-500
Jusuf,Ciputra,Ciputra@ymail.com,Padangpanjang,5-10-2017,KP0225BB,36656,9,3.0,Swift Delivery,Y,th-559
Prakash ,Johan,Johan@icloudx.com,Jakarta Selatan,5-9-2017,KP0150BH,35968,10,5.0,Wakanda Express,N,fr-333
Arwan,Tumengkol,Arwan@livex.com,Lubuklinggau,5-9-2017,KP0050AG,35196,7,4.0,Cepat Kirim,Y,yn-661
Soendari ,Jonas,Soendari@gmail.com,Bau-Bau,5-8-2017,KP0225BB,35119,4,4.0,JENT,N,tw-250
Steven,Karjanto,Steven@icloudx.com,Ternate,5-8-2017,KP0750AJ,35177,4,4.0,Swift Delivery,N,ti-160
Budi ,Mohtar,Budi@livex.com,Tanjungbalai,5-6-2017,KP0750AJ,36445,6,4.0,Cepat Kirim,Y,sv-662
Kurniawan,Djauhari,Kurniawan@ymail.com,Banjarbaru,5-6-2017,KP0150BH,36929,8,4.0,Cepat Kirim,Y,jk-991
Albert,Josef,JOSEF@ymail.com,Bima,5-5-2017,KP0425CB,35348,8,4.0,JENT,Y,fm-183
Junita ,Lim,Lim@ymail.com,Bandar Lampung,5-4-2017,KP0425CB,35509,4,4.0,JENT,Y,wf-150
Gan ,Soeprapto,Gan@icloudx.com,Padangpanjang,5-4-2017,KP0150BH,35497,2,4.0,JENT,Y,cz-559
Agus,Saleem,Saleem@ymail.com,Madiun,5-4-2017,KP0750AJ,36784,5,4.0,Cepat Kirim,Y,jv-123
Elmursil,Nyoman,Elmursil@livex.com,Bukittinggi,5-4-2017,KP0625AF,35122,4,4.0,Swift Delivery,Y,zt-559
Subianto ,Legiman,Legiman@outlookx.com,Jakarta Selatan,5-1-2017,KP0750AJ,36130,10,4.0,JENT,N,em-333
Johannes,Gunawan,Johannes@gmail.com,Surakarta,5-1-2017,KP0850FB,35888,9,4.0,JENT,Y,bn-410
Eddy ,Robert,Robert@livex.com,Pekalongan,28-4-2017,KP0850FB,35431,9,4.0,Pru Logistic,Y,qu-410
Rizal ,Fadjar,Rizal@rocketmail.com,Padangpanjang,28-4-2017,KP0750AJ,35775,6,4.0,Wakanda Express,N,va-559
Liliana ,Mogi,Liliana@icloudx.com,Malang,27-4-2017,KP0350CF,35951,7,4.0,Swift Delivery,Y,ys-123
Pradeep ,Sinto,Sinto@livex.com,Pagaralam,26-4-2017,KP0750AJ,35366,9,4.0,JENT,N,di-661
Maria,Diana,Diana@icloudx.com,Sibolga,25-4-2017,KP0050AG,36504,7,5.0,Cepat Kirim,Y,gk-662
Daniel,International,International@livex.com,Jakarta Barat,25-4-2017,KP0925SG,36138,7,4.0,JENT,Y,sx-333
Lim ,Sik,Sik@mex.com,Kediri,24-4-2017,KP0050AG,36683,6,4.0,Wakanda Express,Y,aj-123
Safarina,Rossi,Rossi@icloudx.com,Langsa,24-4-2017,KP0150BH,35919,9,4.0,Swift Delivery,N,yp-101
Linda,Darmamulia,Darmamulia@livex.com,Tasikmalaya,22-4-2017,KP0850FB,35001,8,4.0,JENT,Y,uj-409
Hendro,Rianti,Hendro@ymail.com,Tomohon,20-4-2017,KP0925SG,36801,10,4.0,JENT,Y,ai-221
Djan,Yoesgiantoro,Yoesgiantoro@outlookx.com,Jayapura,16-4-2017,KP0750AJ,35672,9,2.0,Pru Logistic,Y,mo-990
I,Kusuma,Kusuma@ymail.com,Padangpanjang,14-4-2017,KP0850FB,36055,4,4.0,Cepat Kirim,Y,pm-559
Kaman,Adam,Kaman@ymail.com,Payakumbuh,4-12-2017,KP0625AF,35476,8,4.0,JENT,Y,yh-559
Nani,Sungkoro,Nani@mex.com,Kediri,4-11-2017,KP0850FB,35964,7,4.0,Cepat Kirim,N,se-123
Sonya,Koes,Koes@rocketmail.com,Pontianak,4-11-2017,KP0350CF,35361,7,4.0,JENT,N,qr-880
Eddy,Nugroho,Eddy@outlookx.com,Jakarta Timur,4-10-2017,KP0350CF,36086,7,4.0,Wakanda Express,Y,to-333
Darmadi,Carl,Carl@ymail.com,Bitung,4-8-2017,KP0625AF,35475,4,4.0,Swift Delivery,Y,iu-221
American,Rachman,American@gmail.com,Ternate,4-7-2017,KP0750AJ,36491,10,2.0,Swift Delivery,Y,pb-160
Meridian,Winata,Meridian@ymail.com,Lubuklinggau,4-4-2017,KP0750AJ,35437,6,2.0,Swift Delivery,Y,zf-661
Fifi,Yangrikho,FIFI@outlookx.com,Jambi,4-4-2017,KP0625AF,36969,9,5.0,Swift Delivery,Y,on-512
Adhi ,Endranto,Adhi@gmail.com,Mataram,4-3-2017,KP0425CB,36170,10,4.0,JENT,Y,ku-183
Inayat ,Sugiono,Sugiono@ymail.com,Gorontalo,4-3-2017,KP0050AG,36985,2,4.0,JENT,Y,yl-983
Diana,Ramchand ,Ramchand@outlookx.com,Jayapura,4-3-2017,KP0925SG,35091,6,4.0,JENT,Y,gj-990
Ateng ,C,Ateng@ymail.com,Kediri,4-2-2017,KP0925SG,35491,4,4.0,JENT,Y,bs-123
Go,Sampoerna ,Sampoerna@gmail.com,Meulaboh,4-1-2017,KP0925SG,36414,2,4.0,JENT,Y,yt-101
Boediyanio,Syafriel,Boediyanio@gmail.com,Cimahi,28-3-2017,KP0750AJ,36677,4,5.0,Pru Logistic,Y,rw-409
Anita,Ferdinandus,Anita@livex.com,Mataram,23-3-2017,KP0850FB,36797,5,4.0,Wakanda Express,Y,xe-183
Lam ,Hartono ,Lam@rocketmail.com,Palangkaraya,22-3-2017,KP0925SG,35067,5,4.0,JENT,Y,sw-992
Shuzy ,Wiyono ,Shuzy@rocketmail.com,Medan,20-3-2017,KP0850FB,35429,6,4.0,JENT,N,fw-662
Dino ,Pudjiwati,Dino@gmail.com,Pekalongan,20-3-2017,KP0750AJ,36556,4,4.0,Swift Delivery,Y,ls-410
Pujiastuti ,Indra ,Pujiastuti@mex.com,Semarang,17-3-2017,KP0625AF,36196,10,4.0,JENT,N,zy-410
Nestor,Jen,Nestor@ymail.com,Jakarta Pusat,17-3-2017,KP0750AJ,35881,5,4.0,JENT,N,vh-333
Pandji,Tanoto,Tanoto@livex.com,Padang,16-3-2017,KP0625AF,36101,9,4.0,Wakanda Express,N,vg-559
Kang,Ashari,Kang@gmail.com,Makassar,14-3-2017,KP0850FB,36565,5,4.0,Cepat Kirim,Y,rh-290
Singgih,Widagdo,Widagdo@mex.com,Batam,14-3-2017,KP0850FB,35909,9,3.0,Wakanda Express,N,hl-809
Elisabet,Budisusetyo,Budisusetyo@icloudx.com,Malang,3-11-2017,KP0150BH,36592,8,1.0,Wakanda Express,Y,nz-123
Shinta ,Winarko ,Shinta@rocketmail.com,Palopo,3-9-2017,KP0425CB,36198,7,1.0,JENT,N,go-290
Rachmat,Yanuar,Yanuar@mex.com,Bontang,3-9-2017,KP0925SG,35917,6,4.0,Pru Logistic,N,io-993
Gan ,Tijoso ,Tijoso@ymail.com,Balikpapan,3-8-2017,KP0750AJ,35077,2,4.0,JENT,Y,gt-993
Henry,Tjahaja,Tjahaja@ymail.com,Palu,3-8-2017,KP0150BH,35407,8,5.0,Wakanda Express,Y,im-280
Boelio,Ramli,Boelio@icloudx.com,Bogor,3-7-2017,KP0625AF,35243,5,4.0,Pru Logistic,Y,ur-409
Crescento,Latief,Latief@gmail.com,Tasikmalaya,3-6-2017,KP0625AF,35455,4,4.0,JENT,Y,it-409
Go,Budiman,Budiman@gmail.com,Bau-Bau,3-4-2017,KP0625AF,36599,8,4.0,Pru Logistic,Y,wy-250
Indrajaty ,Sandjojo,Sandjojo@ymail.com,Purwokerto,3-2-2017,KP0350CF,36893,10,5.0,Cepat Kirim,Y,zz-410
Kirk,Harsono ,Harsono@gmail.com,Tomohon,26-2-2017,KP0750AJ,36709,9,4.0,JENT,Y,ge-221
Aji ,Wikarsa,Wikarsa@ymail.com,Bukittinggi,23-2-2017,KP0350CF,36609,2,2.0,Swift Delivery,Y,fm-559
Suarmin ,Chowdhry,Suarmin@icloudx.com,Serang,22-2-2017,KP0225BB,35840,2,4.0,JENT,N,ih-500
Evie,Wijaya,Evie@icloudx.com,Yogyakarta,22-2-2017,KP0750AJ,35454,10,4.0,JENT,Y,ii-444
Kp ,Sri ,K.P.@ymail.com,Sibolga,21-2-2017,KP0925SG,36474,2,4.0,JENT,Y,gk-662
Christiana ,Hermanto,Hermanto@ymail.com,Padangpanjang,20-2-2017,KP0850FB,35681,10,2.0,Swift Delivery,Y,rc-559
Jovanka,Kurniadi,Kurniadi@ymail.com,Bengkulu,20-2-2017,KP0750AJ,36729,9,4.0,Pru Logistic,Y,gu-300
Ishak,Sim ,Ishak@ymail.com,Pekalongan,18-2-2017,KP0850FB,36774,4,3.0,JENT,Y,eb-410
Jap ,Gunawan,Jap@gmail.com,Pariaman,15-2-2017,KP0850FB,35358,4,4.0,Cepat Kirim,Y,qp-559
Handaja,Latief,Handaja@gmail.com,Padangpanjang,14-2-2017,KP0750AJ,35752,7,4.0,Wakanda Express,Y,gb-559
Niniek,Tanojo,Tanojo@icloudx.com,Purwokerto,13-2-2017,KP0625AF,36524,8,4.0,Swift Delivery,N,hb-410
Irwan,Hartono,Irwan@ymail.com,Batu,13-2-2017,KP0150BH,36366,9,4.0,Wakanda Express,Y,pc-123
Eko,Gozali,Gozali@livex.com,Tebingtinggi,2-11-2017,KP0225BB,35300,8,5.0,Wakanda Express,Y,oz-662
Arifin ,Susila,Arifin@ymail.com,Jakarta Barat,2-9-2017,KP0750AJ,36634,2,4.0,Pru Logistic,Y,sd-333
Achmad,Vishamkar ,Vishamkar@gmail.com,Jakarta Pusat,2-9-2017,KP0625AF,36869,9,4.0,JENT,Y,vo-333
Harmiono,Rita,Harmiono@gmail.com,Jakarta Selatan,2-9-2017,KP0925SG,36387,3,4.0,Pru Logistic,Y,bg-333
G,Pudji ,Pudji@gmail.com,Purwokerto,2-8-2017,KP0150BH,35125,10,5.0,JENT,Y,at-410
Michael,Basoeki,MICHAEL@outlookx.com,Tebingtinggi,2-8-2017,KP0850FB,35669,4,4.0,JENT,Y,mz-662
Michael,Kian,Kian@outlookx.com,Sungai Penuh,2-4-2017,KP0625AF,36229,10,4.0,JENT,Y,uz-512
Soeparman,Group,Group@livex.com,Jakarta Utara,2-4-2017,KP0850FB,36713,8,2.0,Cepat Kirim,N,dm-333
Hiswara ,Taira,Hiswara@ymail.com,Purwokerto,2-3-2017,KP0625AF,35929,9,4.0,JENT,Y,xm-410
Citrawinda,Alicia,Alicia@outlookx.com,Bekasi,2-1-2017,KP0425CB,35603,9,5.0,Swift Delivery,Y,xa-409
Jahjaa,Wiriawan,Jahjaa@gmail.com,Bitung,2-1-2017,KP0750AJ,35222,2,4.0,Cepat Kirim,Y,wz-221
Ferdinand,Mirza ,Mirza@ymail.com,Tasikmalaya,26-1-2017,KP0850FB,35321,9,5.0,JENT,Y,tg-409
Netcorp ,Yohan,Yohan@icloudx.com,Cirebon,24-1-2017,KP0925SG,35469,6,4.0,JENT,N,vr-409
Johannes,Yoshawirja,Johannes@gmail.com,Salatiga,23-1-2017,KP0225BB,35055,8,4.0,Swift Delivery,Y,xq-410
Agus,K,Agus@livex.com,Prabumulih,22-1-2017,KP0850FB,36458,8,4.0,Wakanda Express,Y,yw-661
Rudy ,Pinder,Pinder@outlookx.com,Cilegon,21-1-2017,KP0625AF,36786,3,4.0,Pru Logistic,N,ei-500
Christian,Lay ,Lay@ymail.com,Tanjungpinang,21-1-2017,KP0850FB,36146,2,4.0,JENT,Y,xu-809
Soekrisman,Ismulyatie ,Ismulyatie@icloudx.com,Tarakan,21-1-2017,KP0850FB,35986,5,4.0,JENT,N,vn-994
Payal,Harjani,Payal@livex.com,Kediri,21-1-2017,KP0150BH,36822,10,4.0,Wakanda Express,N,gk-123
Shcn ,Kurniawan ,S.H.C.N@icloudx.com,Jakarta Barat,20-1-2017,KP0850FB,35174,9,4.0,JENT,N,ob-333
Bambang ,Abdurachman,Bambang@ymail.com,Pontianak,20-1-2017,KP0850FB,35447,4,1.0,Wakanda Express,Y,xf-880
Prakoso,Yusrizal,YUSRIZAL@mex.com,Palembang,19-1-2017,KP0750AJ,35766,4,4.0,Cepat Kirim,N,js-661
Freddy,Budi,Freddy@gmail.com,Palembang,18-1-2017,KP0625AF,36697,3,4.0,Cepat Kirim,Y,mv-661
Jusuf,Dian,Dian@ymail.com,Tebingtinggi,18-1-2017,KP0850FB,35589,8,4.0,Swift Delivery,Y,dx-662
Rilantini,Jenny,Rilantini@icloudx.com,Kotamobagu,15-1-2017,KP0850FB,36898,9,4.0,Swift Delivery,N,qz-221
Apex,Leonard,Apex@gmail.com,Tomohon,15-1-2017,KP0350CF,36411,10,2.0,JENT,Y,re-221
Adriana,Tjin ,Adriana@ymail.com,Palopo,15-1-2017,KP0925SG,35280,7,4.0,JENT,Y,ds-290
F,Riupassa,Riupassa@livex.com,Purwokerto,1-11-2017,KP0925SG,35305,7,4.0,JENT,Y,wu-410
Northstar,Andersen,Northstar@mex.com,Semarang,1-10-2017,KP0850FB,35658,2,4.0,Wakanda Express,N,fo-410
Hianto ,Tanoko,HIANTO@gmail.com,Yogyakarta,1-9-2017,KP0750AJ,36359,3,4.0,Cepat Kirim,Y,ic-444
Hendry ,E,E.@gmail.com,Padang,1-8-2017,KP0425CB,35806,9,4.0,Wakanda Express,Y,pk-559
Jeffrey ,Tjokrosaputro,Tjokrosaputro@ymail.com,Surabaya,1-7-2017,KP0150BH,36459,7,4.0,Swift Delivery,Y,bn-123
Bimo,Wirawan,Bimo@gmail.com,Lhokseumawe,1-7-2017,KP0150BH,36672,3,4.0,JENT,Y,ks-101
Djoko,Setiadi,Setiadi@icloudx.com,Tangerang,1-7-2017,KP0050AG,36416,5,4.0,Pru Logistic,Y,ow-500
Febrina,Express ,Febrina@icloudx.com,Tegal,1-6-2017,KP0750AJ,35241,7,4.0,JENT,Y,or-410
Dr,Louis,Dr.@icloudx.com,Prabumulih,1-4-2017,KP0625AF,35151,9,3.0,Swift Delivery,Y,kk-661
Sistha,Yordan,Sistha@ymail.com,Bitung,1-4-2017,KP0925SG,36310,10,4.0,Pru Logistic,N,dw-221
Bambang ,Wirajang,Bambang@gmail.com,Jakarta Pusat,1-3-2017,KP0625AF,37000,8,4.0,Swift Delivery,Y,jq-333
Edy ,Podomoro,Podomoro@gmail.com,Sungai Penuh,1-2-2017,KP0150BH,35258,7,4.0,Swift Delivery,Y,te-512
Lukman,Busono,Busono@gmail.com,Tebingtinggi,1-1-2017,KP0150BH,35024,7,4.0,Swift Delivery,Y,yu-662
Lilys,Riady ,Lilys@ymail.com,Jakarta Pusat,27-12-2016,KP0750AJ,35064,8,4.0,JENT,Y,ik-333
Kiki,Utomo,Utomo@ymail.com,Yogyakarta,26-12-2016,KP0750AJ,36980,5,4.0,JENT,Y,hd-444
Ronald,Heryanto,Ronald@livex.com,Kendari,24-12-2016,KP0425CB,35362,10,4.0,Pru Logistic,N,qh-250
Evelyn,Solana,Solana@livex.com,Bima,23-12-2016,KP0850FB,35449,8,3.0,JENT,Y,xn-183
Ronald,Irawan,Irawan@mex.com,Depok,22-12-2016,KP0625AF,36842,4,4.0,Wakanda Express,N,ft-409
Nathalia ,Edward,Nathalia@rocketmail.com,Probolinggo,21-12-2016,KP0225BB,35957,9,4.0,JENT,N,wq-123
Gerald ,Indrajani,Gerald@gmail.com,Prabumulih,20-12-2016,KP0750AJ,35128,2,4.0,JENT,Y,ur-661
Erwin ,Elizabeth ,Elizabeth@ymail.com,Pasuruan,20-12-2016,KP0850FB,36587,5,4.0,JENT,Y,dc-123
Hertono,Tanuwidjaja,HERTONO@ymail.com,Payakumbuh,20-12-2016,KP0750AJ,36654,10,2.0,JENT,Y,jx-559
Hadi ,Didi,Didi@gmail.com,Jakarta Utara,19-12-2016,KP0050AG,35771,6,4.0,Swift Delivery,Y,vn-333
Fahmi ,Sunarjo,Sunarjo@outlookx.com,Bukittinggi,18-12-2016,KP0425CB,36833,7,4.0,JENT,Y,sq-559
Evert,Suhartono,Evert@gmail.com,Tarakan,18-12-2016,KP0150BH,35926,10,4.0,Wakanda Express,Y,wn-994
Candra ,Limited,CANDRA@ymail.com,Pematangsiantar,17-12-2016,KP0625AF,35210,4,4.0,Pru Logistic,Y,go-662
Soetikno,King ,Soetikno@mex.com,Padang,17-12-2016,KP0225BB,36807,6,4.0,JENT,N,hj-559
Santy ,Bertrand,Santy@icloudx.com,Serang,16-12-2016,KP0625AF,35338,2,4.0,Swift Delivery,N,vi-500
Firdaus,Goesti,Firdaus@ymail.com,Cimahi,16-12-2016,KP0925SG,35507,5,4.0,JENT,Y,jw-409
Ery,Judianto,Judianto@livex.com,Banjarmasin,15-12-2016,KP0925SG,35487,5,4.0,Swift Delivery,Y,us-991
Alexandra,Saputra,SAPUTRA@livex.com,Blitar,14-12-2016,KP0350CF,36625,8,4.0,Cepat Kirim,Y,ps-123
Lao ,Widjaja,Lao@gmail.com,Bogor,13-12-2016,KP0350CF,35703,4,4.0,JENT,Y,ag-409
Melvin,Indraswati,Indraswati@gmail.com,Mataram,12-12-2016,KP0050AG,36052,8,4.0,Wakanda Express,Y,go-183
Ravi,Rommy,ROMMY@rocketmail.com,Langsa,12-12-2016,KP0850FB,35715,7,4.0,Swift Delivery,N,uw-101
Lisa,Samuel,Samuel@gmail.com,Palopo,12-10-2016,KP0925SG,35610,6,4.0,Swift Delivery,Y,yk-290
Jacobus,Tjian,Tjian@gmail.com,Semarang,12-8-2016,KP0850FB,35285,9,4.0,Swift Delivery,Y,zc-410
Muchsin,Novita,MUCHSIN@gmail.com,Dumai,12-6-2016,KP0850FB,36395,10,2.0,Cepat Kirim,Y,oy-222
Kam,Multicorpora,Kam@ymail.com,Bogor,12-5-2016,KP0850FB,35756,9,4.0,Swift Delivery,Y,ci-409
Stefanus ,Thomas,Thomas@outlookx.com,Kupang,12-4-2016,KP0625AF,35699,10,4.0,Swift Delivery,N,yj-185
Marten,Mila,Marten@outlookx.com,Magelang,12-4-2016,KP0425CB,35141,10,4.0,Swift Delivery,Y,cj-410
Grant ,Mardiani,MARDIANI@ymail.com,Binjai,12-3-2016,KP0750AJ,36616,9,4.0,Wakanda Express,Y,tc-662
Irvan,Rahardja ,IRVAN@ymail.com,Banjar,12-3-2016,KP0750AJ,35171,9,5.0,JENT,Y,qw-409
Danan,Marjani,Danan@outlookx.com,Dumai,12-2-2016,KP0925SG,36991,5,4.0,JENT,Y,bh-222
Endah,Sucahyo,Endah@ymail.com,Probolinggo,1-12-2018,KP0425CB,36453,10,4.0,Swift Delivery,Y,jd-123
Dewi,Mudoyo,Mudoyo@outlookx.com,Lhokseumawe,1-12-2018,KP0550EH,36237,4,2.0,Wakanda Express,Y,xm-101
Peaceland,Hardjodikromo,Peaceland@mex.com,Cirebon,28-11-2018,KP0750AJ,35434,9,4.0,Pru Logistic,N,hu-409
Sugiharto,Sutanto,Sutanto@mex.com,Lubuklinggau,28-11-2018,KP0750AJ,35263,4,4.0,JENT,N,en-661
Achmad ,Hadeli,Achmad@livex.com,Padang,26-11-2018,KP0150BH,36930,3,3.0,Swift Delivery,Y,zl-559
Lin ,Santoso ,Lin@ymail.com,Payakumbuh,25-11-2018,KP0425CB,35693,10,4.0,JENT,Y,xb-559
Rasyid,Soejatno,Soejatno@icloudx.com,Metro,25-11-2018,KP0625AF,35940,5,4.0,Swift Delivery,N,fl-150
Megawati,Tjakra/ms ,Megawati@livex.com,Lubuklinggau,24-11-2018,KP0150BH,36776,10,4.0,JENT,Y,yk-661
Kiki,Priapantja,Kiki@ymail.com,Singkawang,23-11-2018,KP0925SG,35912,6,4.0,Wakanda Express,Y,bd-880
Semiwati,Widjaja,Widjaja@icloudx.com,Binjai,23-11-2018,KP0050AG,36512,5,4.0,Swift Delivery,N,tq-662
Dr,Priasmoro,PRIASMORO@ymail.com,Tangerang,21-11-2018,KP0625AF,35350,3,4.0,Wakanda Express,Y,oc-500
Ryandi,Ang,Ryandi@ymail.com,Kendari,20-11-2018,KP0925SG,36731,2,4.0,Pru Logistic,N,nm-250
Dedy,B,Dedy@gmail.com,Batam,19-11-2016,KP0150BH,36377,3,4.0,JENT,Y,rd-809
Handi,Putihrai,Putihrai@gmail.com,Palembang,17-11-2016,KP0150BH,35692,10,2.0,Cepat Kirim,Y,sk-661
Johan ,Loengara,Loengara@ymail.com,Tangerang Selatan,16-11-2016,KP0750AJ,35598,5,4.0,JENT,Y,bb-500
Budi,Setijawati,Budi@gmail.com,Tidore Kepulauan,16-11-2016,KP0750AJ,36331,5,4.0,Wakanda Express,Y,mb-160
Helmut,Hari,Helmut@gmail.com,Cilegon,13-11-2016,KP0150BH,36189,10,2.0,Swift Delivery,Y,ip-500
Bimo,Brent,Bimo@icloudx.com,Jayapura,11-11-2016,KP0850FB,35083,8,3.0,Swift Delivery,Y,ev-990
Joyce,Iuwena,Iuwena@ymail.com,Tual,11-8-2016,KP0625AF,36662,6,4.0,Wakanda Express,Y,oc-171
Endang,Tarazona,Endang@ymail.com,Lubuklinggau,11-7-2016,KP0350CF,36569,9,3.0,Swift Delivery,Y,bj-661
Lina,Setijono,Setijono@icloudx.com,Samarinda,11-7-2016,KP0625AF,35473,3,4.0,JENT,Y,rj-993
Liliawati,Susilowidjojo,Susilowidjojo@rocketmail.com,Salatiga,11-7-2016,KP0350CF,36735,4,4.0,Swift Delivery,Y,qb-410
Sanjaya,Husein,Sanjaya@ymail.com,Tangerang,11-7-2016,KP0150BH,36072,7,4.0,Cepat Kirim,N,oz-500
Lukas ,Purnomo,Lukas@icloudx.com,Serang,11-1-2016,KP0850FB,36141,3,4.0,JENT,Y,qm-500
Frank,Koeshandery,Frank@gmail.com,Padangpanjang,27-10-2016,KP0850FB,35433,2,4.0,JENT,Y,rd-559
Solihin,Patra,Patra@mex.com,Gorontalo,26-10-2016,KP0750AJ,36103,4,2.0,JENT,N,ac-983
Kezia,Handjaja,HANDJAJA@ymail.com,Balikpapan,21-10-2016,KP0925SG,35172,3,4.0,Wakanda Express,Y,tg-993
Achmad,Dominic,Achmad@livex.com,Palopo,18-10-2016,KP0350CF,36301,8,1.0,JENT,Y,dy-290
Rony ,Sewaka,Rony@ymail.com,Palu,16-10-2016,KP0150BH,36124,4,4.0,Cepat Kirim,N,lj-280
Gene,Suherlan,Suherlan@ymail.com,Pekalongan,16-10-2016,KP0625AF,35183,3,4.0,Swift Delivery,Y,kb-410
Pri ,Nagaria,Pri@icloudx.com,Jakarta Barat,10-12-2016,KP0750AJ,35787,5,4.0,Swift Delivery,N,mg-333
Rubyanto,Hendropurnomo,Hendropurnomo@gmail.com,Gorontalo,10-12-2016,KP0750AJ,36082,5,3.0,Wakanda Express,N,gw-983
Dedie,Suhandi,Suhandi.@outlookx.com,Sukabumi,10-12-2016,KP0850FB,35734,10,2.0,Cepat Kirim,Y,dt-409
Johannes,Sanjaya,Johannes@ymail.com,Kediri,10-12-2016,KP0925SG,35532,4,4.0,Wakanda Express,Y,lv-123
Deddy ,Lasmono,Deddy@outlookx.com,Pekanbaru,10-10-2016,KP0425CB,36017,9,5.0,Swift Delivery,Y,ty-222
Linda,Rahman,Rahman@icloudx.com,Balikpapan,10-10-2016,KP0050AG,36734,6,4.0,Swift Delivery,Y,qe-993
Suhardi,Mary,Suhardi@icloudx.com,Binjai,10-7-2016,KP0850FB,35264,7,4.0,Wakanda Express,N,qr-662
Stockcorp,Investments ,Stockcorp@ymail.com,Tanjungpinang,10-7-2016,KP0050AG,35107,3,4.0,JENT,N,bn-809
Elizabeth,Nugroho,Nugroho@outlookx.com,Sabang,10-7-2016,KP0150BH,35602,9,4.0,Swift Delivery,Y,gl-101
Katleen ,Wisnu ,Katleen@ymail.com,Samarinda,10-6-2016,KP0225BB,35995,10,5.0,JENT,Y,jo-993
Razif ,Chooi,Razif@livex.com,Surakarta,10-6-2016,KP0350CF,36914,7,4.0,Cepat Kirim,N,cb-410
Amelia,Ng,Ng@livex.com,Makassar,10-6-2016,KP0850FB,36919,2,4.0,Wakanda Express,Y,fs-290
Hendra,Welly,Welly@gmail.com,Tomohon,10-4-2016,KP0050AG,36223,9,4.0,Wakanda Express,Y,yf-221
Fauzi,Tjahjadi,Tjahjadi@ymail.com,Lhokseumawe,10-3-2016,KP0225BB,36837,2,4.0,Cepat Kirim,Y,cc-101
Erick ,I,Erick@icloudx.com,Kotamobagu,10-2-2016,KP0625AF,35630,6,4.0,JENT,Y,hy-221
Laksamana,Soenong,LAKSAMANA@icloudx.com,Surabaya,10-2-2016,KP0750AJ,35623,8,4.0,Cepat Kirim,Y,qz-123
Lim,Yoshawirja,Lim@outlookx.com,Tanjungpinang,27-9-2016,KP0625AF,35816,3,4.0,Wakanda Express,Y,qy-809
Kokos,Purnomo,Kokos@ymail.com,Langsa,27-9-2016,KP0625AF,35960,8,4.0,Cepat Kirim,Y,ty-101
Virendra,Prakash,Virendra@gmail.com,Banjarbaru,26-9-2016,KP0150BH,36718,6,4.0,JENT,N,vu-991
Djoni ,Mardova,Djoni@outlookx.com,Jambi,24-9-2016,KP0750AJ,35237,8,4.0,Wakanda Express,Y,ph-512
Sity,Franky ,Sity@livex.com,Cimahi,22-9-2016,KP0350CF,35277,10,4.0,JENT,N,mx-409
Bob,Saputra,Bob@ymail.com,Pangkalpinang,15-9-2016,KP0350CF,35865,3,4.0,Cepat Kirim,Y,pw-120
Alfari,Robertson,Robertson@livex.com,Tebingtinggi,14-9-2016,KP0925SG,36667,3,4.0,JENT,Y,bo-662
Ramajati,Virgan,Virgan@rocketmail.com,Sungai Penuh,14-9-2016,KP0750AJ,36128,2,4.0,Pru Logistic,N,pg-512
Simon,Limited ,Simon@ymail.com,Banda Aceh,14-9-2016,KP0350CF,35011,10,5.0,JENT,N,te-101
Henry,Pramono,Pramono@ymail.com,Parepare,13-9-2016,KP0425CB,35370,3,4.0,Wakanda Express,Y,oh-290
Purwadi,Hermawan,Purwadi@gmail.com,Jambi,9-12-2016,KP0925SG,35246,9,4.0,Pru Logistic,N,vo-512
Rachmat,Hardja,Hardja@ymail.com,Palu,9-11-2016,KP0625AF,36298,10,4.0,Swift Delivery,N,pg-280
Dick,Liem,Dick@ymail.com,Semarang,9-10-2016,KP0750AJ,35406,4,4.0,Swift Delivery,Y,li-410
Lim,Kusuma,Kusuma@icloudx.com,Sibolga,9-6-2016,KP0050AG,36865,7,4.0,Pru Logistic,Y,mr-662
Rudy,C,C.@livex.com,Sawahlunto,9-6-2016,KP0850FB,36637,9,4.0,Swift Delivery,N,ot-559
Jimmy,Ulrich,Ulrich@gmail.com,Manado,9-4-2016,KP0050AG,35878,4,4.0,Pru Logistic,Y,tv-221
Elvira,Harris,Harris@icloudx.com,Makassar,9-3-2016,KP0150BH,35918,5,4.0,JENT,Y,ba-290
Eliezer ,Setyaningsih,Eliezer@outlookx.com,Bitung,9-2-2016,KP0750AJ,35910,5,4.0,Cepat Kirim,Y,xf-221
J ,Djaja,J.@ymail.com,Blitar,9-2-2016,KP0925SG,35294,3,4.0,JENT,Y,te-123
Herlinah,Tjiawi,Herlinah@ymail.com,Kotamobagu,9-1-2016,KP0425CB,35548,7,4.0,Swift Delivery,Y,gi-221
Hendrik,Hari,Hendrik@ymail.com,Sibolga,28-8-2016,KP0625AF,35399,4,4.0,Wakanda Express,Y,rm-662
Bengt ,Consulting,Consulting@outlookx.com,Padangpanjang,27-8-2016,KP0425CB,36936,8,4.0,Swift Delivery,Y,ku-559
Gladys ,Samantha,Samantha@ymail.com,Lubuklinggau,27-8-2016,KP0625AF,35135,7,4.0,JENT,Y,lx-661
Bong,Bagus,Bagus@ymail.com,Pekalongan,27-8-2016,KP0150BH,35022,5,4.0,Swift Delivery,Y,ns-410
Cindy,Lestari,Lestari@gmail.com,Magelang,26-8-2016,KP0925SG,36001,7,4.0,Swift Delivery,Y,wy-410
Chander,Gobel,Gobel@livex.com,Bima,26-8-2016,KP0150BH,35372,2,4.0,Cepat Kirim,Y,xe-183
Jeffrey,Suwarno,Jeffrey@ymail.com,Pangkalpinang,26-8-2016,KP0050AG,36702,3,4.0,Wakanda Express,Y,el-120
Ahmades,Muchtar ,Ahmades@ymail.com,Kendari,23-8-2016,KP0150BH,36415,9,4.0,JENT,Y,zs-250
Henny,Winarko,Henny@ymail.com,Tegal,22-8-2016,KP0850FB,36431,4,4.0,Wakanda Express,Y,pq-410
Irmayani ,Suginawan,IRMAYANI@gmail.com,Probolinggo,21-8-2016,KP0625AF,36839,7,4.0,Wakanda Express,Y,mc-123
Hilton,Darsono,Darsono@ymail.com,Jakarta Timur,19-8-2016,KP0050AG,36727,8,4.0,Cepat Kirim,Y,cd-333
Vivi,Hottama,Vivi@gmail.com,Surabaya,19-8-2016,KP0625AF,36913,9,4.0,JENT,N,yy-123
Andreas ,Sandi,Andreas@gmail.com,Magelang,15-8-2016,KP0625AF,36036,2,5.0,Pru Logistic,Y,fp-410
Budiman ,Irsjad,IRSJAD@gmail.com,Kediri,14-8-2016,KP0750AJ,36887,10,4.0,JENT,Y,ni-123
Johnlee,Sukardi,Johnlee@ymail.com,Tebingtinggi,14-8-2016,KP0225BB,35385,4,4.0,Cepat Kirim,Y,mp-662
Hesti,Yoesoef,Hesti@gmail.com,Pekanbaru,13-8-2016,KP0425CB,36659,9,4.0,Cepat Kirim,Y,xv-222
Arief,Soesanto,Arief@livex.com,Singkawang,13-8-2016,KP0425CB,35944,8,3.0,Wakanda Express,Y,wm-880
Drs,Parlaungan,DRS@gmail.com,Cimahi,8-12-2016,KP0850FB,35554,3,4.0,Pru Logistic,Y,fl-409
Didit ,I,I@outlookx.com,Salatiga,8-10-2016,KP0425CB,35170,2,4.0,Swift Delivery,Y,ow-410
Sallyawati,Hanna,Hanna@gmail.com,Pematangsiantar,8-10-2016,KP0225BB,35939,5,4.0,Swift Delivery,N,ne-662
Kwok ,Lys,Lys@ymail.com,Parepare,8-9-2016,KP0625AF,36778,7,4.0,Pru Logistic,Y,eh-290
Hadinata,Susilo,Susilo@gmail.com,Bau-Bau,8-9-2016,KP0625AF,35607,3,5.0,Wakanda Express,Y,zx-250
Habib,Marlina,Marlina@gmail.com,Ambon,8-8-2016,KP0850FB,35422,6,4.0,Pru Logistic,Y,iv-171
Franciscus ,Margaretha ,Franciscus@ymail.com,Mataram,8-6-2016,KP0925SG,36303,6,4.0,JENT,Y,km-183
Agus,Joseph,Joseph@livex.com,Gorontalo,8-6-2016,KP0225BB,35261,7,4.0,Wakanda Express,Y,hx-983
Paulis ,Sumito,Paulis@icloudx.com,Padang Sidempuan,8-5-2016,KP0625AF,35547,4,4.0,Wakanda Express,N,iw-662
Fensa,C,C@outlookx.com,Jayapura,8-3-2016,KP0750AJ,35110,10,5.0,Swift Delivery,Y,mj-990
Geoffrey,Hoshi,Geoffrey@gmail.com,Banjar,8-2-2016,KP0425CB,35118,4,4.0,Pru Logistic,Y,nb-409
Kama,Bachtiar,Bachtiar@ymail.com,Tangerang Selatan,8-2-2016,KP0850FB,35842,9,4.0,Swift Delivery,Y,br-500
Ani ,Sathibal ,Ani@livex.com,Ambon,8-1-2016,KP0625AF,36998,8,4.0,JENT,Y,qi-171
Efrem,Siregar,Efrem@ymail.com,Purwokerto,8-1-2016,KP0350CF,35525,5,4.0,Swift Delivery,Y,ru-410
Mochamad,Balmaceda,Mochamad@ymail.com,Yogyakarta,27-7-2016,KP0350CF,36375,10,4.0,Pru Logistic,Y,bu-444
Anwar ,Hendrastiti,Hendrastiti@livex.com,Banda Aceh,24-7-2016,KP0925SG,35056,4,4.0,JENT,Y,ie-101
Sonal,Tjahyawati,Sonal@mex.com,Madiun,24-7-2016,KP0750AJ,36717,5,4.0,Swift Delivery,N,kt-123
Herman,Nur,Nur@ymail.com,Tangerang,22-7-2016,KP0625AF,35112,9,4.0,Wakanda Express,Y,uf-500
Katini ,Hamzah,Katini@ymail.com,Prabumulih,21-7-2016,KP0925SG,35614,10,4.0,Cepat Kirim,Y,ul-661
Lucia,Anggraini,Lucia@icloudx.com,Probolinggo,19-7-2016,KP0925SG,36297,10,4.0,JENT,Y,cg-123
Rachana ,L,L.@rocketmail.com,Samarinda,16-7-2016,KP0225BB,35984,8,4.0,JENT,N,kh-993
Pitra ,Kusnadi ,Kusnadi@icloudx.com,Palu,16-7-2016,KP0925SG,35694,10,4.0,JENT,N,qa-280
Sonny ,Pribadi ,Sonny@mex.com,Tangerang Selatan,16-7-2016,KP0925SG,36318,8,4.0,JENT,N,ha-500
Petrus,Sugianto,Petrus@livex.com,Pekalongan,14-7-2016,KP0850FB,36863,6,4.0,Pru Logistic,N,zy-410
Kim,Brett,Brett@ymail.com,Bitung,14-7-2016,KP0225BB,35893,10,4.0,Cepat Kirim,Y,zx-221
Anil,Djauhari,Djauhari@ymail.com,Meulaboh,14-7-2016,KP0150BH,36299,7,5.0,JENT,Y,yl-101
Dicky,Panigoro,Panigoro@gmail.com,Salatiga,7-11-2016,KP0225BB,35808,6,4.0,Wakanda Express,Y,ea-410
Veronica,Yuwono,Veronica@mex.com,Sungai Penuh,7-10-2016,KP0150BH,36959,4,4.0,JENT,N,cc-512
Hong ,Narpatisuta,Narpatisuta@ymail.com,Pematangsiantar,7-8-2016,KP0750AJ,36081,4,4.0,Wakanda Express,Y,ow-662
Stan ,Kam ,Stan@ymail.com,Padang,7-8-2016,KP0150BH,36785,5,4.0,JENT,N,sa-559
Ong,Djuwadi,Ong@rocketmail.com,Padang Sidempuan,7-7-2016,KP0050AG,36390,7,4.0,Cepat Kirim,N,zr-662
Kasiviswanathan,Solaiman ,Solaiman@gmail.com,Blitar,7-7-2016,KP0750AJ,35691,3,4.0,JENT,Y,fi-123
Osbert,Maramis,Maramis@outlookx.com,Purwokerto,7-4-2016,KP0850FB,36799,8,4.0,Wakanda Express,N,bx-410
Itjendri ,Ezeddin,Ezeddin@gmail.com,Payakumbuh,7-3-2016,KP0625AF,35397,3,5.0,Pru Logistic,Y,kh-559
Gen ,Kurniawan,Gen@gmail.com,Kupang,7-3-2016,KP0625AF,36370,7,4.0,Swift Delivery,Y,zk-185
Catherine ,Sudjie,Catherine@outlookx.com,Semarang,7-2-2016,KP0150BH,36404,5,4.0,Wakanda Express,Y,du-410
Johnson,Achmad,Johnson@gmail.com,Makassar,7-2-2016,KP0350CF,36541,8,4.0,Swift Delivery,Y,ww-290
Sierah ,Tjioe,Sierah@outlookx.com,Bukittinggi,28-6-2016,KP0750AJ,36355,10,4.0,Pru Logistic,N,ku-559
Budyanto,Eko,Budyanto@ymail.com,Depok,28-6-2016,KP0850FB,36153,9,4.0,JENT,Y,tq-409
Gaitini ,Vincent,Gaitini@livex.com,Sawahlunto,25-6-2016,KP0850FB,36211,7,4.0,Pru Logistic,Y,yc-559
Junanda ,Liani,LIANI@gmail.com,Pangkalpinang,24-6-2016,KP0225BB,35403,6,4.0,JENT,Y,zx-120
Sulistiani,Sampoerna,Sulistiani@rocketmail.com,Tegal,20-6-2016,KP0925SG,36726,4,4.0,Cepat Kirim,N,sf-410
Djohan ,Kosasih,Djohan@livex.com,Samarinda,18-6-2016,KP0850FB,35242,10,4.0,JENT,Y,um-993
Annie,James,James@livex.com,Singkawang,18-6-2016,KP0625AF,36701,2,2.0,Pru Logistic,Y,xb-880
Husni ,Kusnadi,Kusnadi@ymail.com,Bitung,17-6-2016,KP0625AF,35245,6,4.0,JENT,Y,qr-221
Vidhya,Prakash,Prakash@rocketmail.com,Subulussalam,17-6-2016,KP0425CB,35427,9,4.0,JENT,N,bs-101
Sigit ,Patricia,Sigit@gmail.com,Mojokerto,16-6-2016,KP0925SG,36269,9,4.0,Cepat Kirim,N,vz-123
Erwin,Livia ,Livia@gmail.com,Kediri,16-6-2016,KP0625AF,36968,10,4.0,JENT,Y,xi-123
Herman ,Kiftiah,HERMAN@gmail.com,Jakarta Pusat,15-6-2016,KP0625AF,36814,5,3.0,Swift Delivery,Y,vr-333
Steven,Tanoko,Steven@gmail.com,Bontang,15-6-2016,KP0150BH,35293,7,4.0,JENT,N,rm-993
Sonya ,Madang,Sonya@icloudx.com,Bontang,14-6-2016,KP0150BH,36978,6,4.0,Pru Logistic,N,rj-993
Anindya,Venture,Anindya@gmail.com,Sibolga,14-6-2016,KP0050AG,35357,10,4.0,JENT,Y,bu-662
Justo,Alit ,Alit@gmail.com,Cimahi,6-12-2016,KP0625AF,36336,3,4.0,JENT,Y,eg-409
Budi,Tjandra,Tjandra@ymail.com,Bitung,6-12-2016,KP0350CF,35902,4,4.0,Cepat Kirim,Y,gp-221
Rony,Chiang ,Chiang@rocketmail.com,Bekasi,6-12-2016,KP0625AF,35656,6,4.0,JENT,N,bv-409
Kristanto,Budiman,Kristanto@ymail.com,Bogor,6-12-2016,KP0850FB,36177,10,4.0,Wakanda Express,Y,to-409
Lili,Delia,LiLi@outlookx.com,Mataram,6-9-2016,KP0350CF,36809,8,4.0,Swift Delivery,Y,it-183
Jackson ,Herman,Jackson@ymail.com,Jayapura,6-8-2016,KP0850FB,36324,3,4.0,Wakanda Express,Y,eg-990
Anna,Phair,Anna@livex.com,Tebingtinggi,6-8-2016,KP0750AJ,36218,5,4.0,JENT,Y,ru-662
Nazamudin,Broto,Nazamudin@ymail.com,Jambi,6-8-2016,KP0925SG,36648,4,4.0,Wakanda Express,N,rc-512
Faizan,Widjaja,Faizan@outlookx.com,Palangkaraya,6-8-2016,KP0850FB,36615,4,4.0,JENT,Y,yl-992
Hashim,Adhika ,HASHIM@gmail.com,Pontianak,6-6-2016,KP0850FB,36706,10,2.0,JENT,Y,sg-880
Sukmawati,Rahardja,Sukmawati@icloudx.com,Jakarta Barat,6-5-2016,KP0850FB,36981,6,4.0,Swift Delivery,N,yv-333
K ,Husin,K.@ymail.com,Cilegon,6-4-2016,KP0925SG,36526,6,4.0,JENT,Y,iy-500
Maxymilian,Woosnam,Maxymilian@mex.com,Bau-Bau,6-3-2016,KP0750AJ,36828,2,4.0,Pru Logistic,Y,pk-250
Mirah,Susanto,Mirah@gmail.com,Bekasi,6-2-2016,KP0625AF,36590,8,2.0,Cepat Kirim,Y,de-409
Medina,Prasetyo,MEDINA@ymail.com,Tegal,28-5-2016,KP0850FB,35017,6,4.0,Wakanda Express,Y,hk-410
Agam,Iskandar,Agam@gmail.com,Purwokerto,27-5-2016,KP0750AJ,36021,5,1.0,Wakanda Express,Y,pf-410
Prayugi ,Putri,Putri@rocketmail.com,Sawahlunto,23-5-2016,KP0150BH,36967,8,3.0,Swift Delivery,N,vp-559
Djie,Totong ,Totong@outlookx.com,Sorong,23-5-2016,KP0750AJ,35408,3,4.0,JENT,Y,tq-999
Psp ,Handajani,PSP@mex.com,Tangerang Selatan,21-5-2016,KP0850FB,36825,6,4.0,Wakanda Express,N,cx-500
Rini ,Djajasaputra,Djajasaputra@gmail.com,Ambon,19-5-2016,KP0625AF,35526,10,4.0,Swift Delivery,N,hx-171
Henry,Adiwinata ,Adiwinata@gmail.com,Solok,19-5-2016,KP0925SG,36330,3,4.0,JENT,Y,pj-559
Sharecorp ,Kalim,Sharecorp@ymail.com,Padangpanjang,15-5-2016,KP0425CB,36939,9,4.0,Cepat Kirim,N,ub-559
Sinatra,Widjaja,Sinatra@mex.com,Balikpapan,14-5-2016,KP0925SG,36739,8,4.0,Swift Delivery,N,et-993
Slamet ,Maringka,Maringka@icloudx.com,Malang,13-5-2016,KP0150BH,36463,3,4.0,Cepat Kirim,N,tv-123
Jopie ,Moelyadi,Jopie@ymail.com,Batam,5-11-2016,KP0850FB,36506,2,4.0,JENT,Y,og-809
Jo ,Oka,Oka@gmail.com,Padang Sidempuan,5-10-2016,KP0150BH,36401,7,4.0,Wakanda Express,Y,iq-662
Agus,Sugianto,Sugianto@ymail.com,Depok,5-10-2016,KP0750AJ,36441,7,4.0,Wakanda Express,Y,yl-409
Nio,Widodo ,Widodo@rocketmail.com,Gorontalo,5-9-2016,KP0925SG,35075,8,4.0,JENT,N,vr-983
Piet ,Ronald ,Piet@ymail.com,Lhokseumawe,5-8-2016,KP0150BH,36168,7,4.0,JENT,N,zb-101
Anton ,M,Anton@livex.com,Meulaboh,5-7-2016,KP0850FB,35651,5,4.0,JENT,Y,dn-101
Halifah,Lianty ,Halifah@ymail.com,Bau-Bau,5-7-2016,KP0750AJ,36306,7,4.0,JENT,Y,hv-250
James,Chuck,Chuck@ymail.com,Makassar,5-5-2016,KP0850FB,35393,4,4.0,JENT,Y,yh-290
Catherine,Rophian ,Rophian@icloudx.com,Jakarta Timur,5-4-2016,KP0925SG,36834,6,4.0,JENT,Y,ul-333
Hans ,Salman,Salman@gmail.com,Palu,5-3-2016,KP0850FB,36367,3,4.0,JENT,Y,ie-280
Lina,Yick,Lina@gmail.com,Tasikmalaya,5-3-2016,KP0850FB,35753,5,4.0,Pru Logistic,Y,pb-409
Edwin,Alicia,Edwin@livex.com,Lubuklinggau,5-3-2016,KP0150BH,36380,5,1.0,Cepat Kirim,Y,cl-661
Edhie ,Tirtadjaja,Edhie@gmail.com,Cimahi,5-2-2016,KP0850FB,35470,4,2.0,Wakanda Express,Y,bc-409
Lydia ,Gasyanto,Gasyanto@gmail.com,Balikpapan,5-1-2016,KP0925SG,36212,10,4.0,Swift Delivery,Y,zx-993
Soetjahjono,Wiryanto,Wiryanto@ymail.com,Parepare,28-4-2016,KP0225BB,35156,5,4.0,JENT,N,pm-290
Matthew ,Akbar,Matthew@icloudx.com,Sungai Penuh,26-4-2016,KP0050AG,36551,6,4.0,Wakanda Express,Y,pl-512
Ang ,Suo,Ang@livex.com,Jambi,26-4-2016,KP0625AF,35663,7,4.0,Cepat Kirim,Y,oc-512
Indrawati,R,Indrawati@ymail.com,Jakarta Utara,26-4-2016,KP0625AF,36666,8,4.0,Cepat Kirim,Y,rq-333
Setia,Harijanto,Harijanto@rocketmail.com,Madiun,25-4-2016,KP0150BH,36612,4,4.0,Cepat Kirim,N,nv-123
Hendro ,Hasjim,Hendro@gmail.com,Bandung,24-4-2016,KP0150BH,35251,3,4.0,Wakanda Express,Y,nc-409
Lambertus,Singh,Singh@livex.com,Tarakan,24-4-2016,KP0425CB,36766,7,4.0,JENT,Y,dx-994
Execorp,Henry,Execorp@ymail.com,Batam,23-4-2016,KP0750AJ,35271,4,4.0,Wakanda Express,Y,lj-809
John,Frans,Frans@ymail.com,Sawahlunto,22-4-2016,KP0850FB,36817,4,3.0,Swift Delivery,Y,lf-559
Bambang ,Dwilasmini,Dwilasmini@ymail.com,Pekanbaru,20-4-2016,KP0150BH,36041,8,4.0,JENT,Y,tg-222
Philip ,Binti ,Philip@mex.com,Balikpapan,19-4-2016,KP0750AJ,35048,8,4.0,JENT,N,oa-993
Hendra,Welianto,Hendra@ymail.com,Binjai,17-4-2016,KP0750AJ,36410,6,4.0,Wakanda Express,Y,uw-662
Houston,Adnan,Adnan@ymail.com,Jakarta Pusat,16-4-2016,KP0050AG,36011,8,4.0,Swift Delivery,Y,vr-333
Hilda ,Irawan,Hilda@ymail.com,Batam,15-4-2016,KP0750AJ,36207,8,4.0,Swift Delivery,Y,of-809
Linda ,Moelyadi,Moelyadi@livex.com,Jayapura,13-4-2016,KP0925SG,36131,4,4.0,Swift Delivery,Y,ct-990
Gita,V ,Gita@ymail.com,Madiun,13-4-2016,KP0425CB,36791,10,4.0,JENT,Y,ie-123
Daniel,Wibowo,Daniel@livex.com,Manado,4-12-2016,KP0850FB,35051,6,1.0,Wakanda Express,Y,fp-221
Darwin,Abner ,Darwin@livex.com,Padang Sidempuan,4-11-2016,KP0625AF,35963,8,4.0,JENT,Y,gn-662
Vivien,Goh,Goh@outlookx.com,Tasikmalaya,4-11-2016,KP0625AF,35100,3,4.0,JENT,N,ow-409
Muljadi,Aloan,Muljadi@mex.com,Pangkalpinang,4-10-2016,KP0225BB,35380,8,4.0,JENT,Y,bh-120
Joppy ,Syafari,Joppy@ymail.com,Tasikmalaya,4-9-2016,KP0050AG,35815,8,4.0,Swift Delivery,Y,ow-409
Lim,Santoso,Lim@mex.com,Batam,4-9-2016,KP0850FB,36119,10,4.0,JENT,Y,el-809
Edgardo,Tedjasaputra,Edgardo@gmail.com,Tual,4-7-2016,KP0925SG,36275,9,4.0,Pru Logistic,Y,li-171
Primanaga ,Rahardja,Rahardja@icloudx.com,Tanjungbalai,4-6-2016,KP0850FB,35105,7,4.0,Pru Logistic,N,mj-662
Johan,Anindyaguna ,Johan@gmail.com,Cilegon,4-6-2016,KP0350CF,35998,7,4.0,JENT,Y,xg-500
Ratna,Sunardio,Ratna@icloudx.com,Cirebon,4-6-2016,KP0225BB,35173,6,3.0,JENT,N,hk-409
Bambang ,Soegandha,BamBang@livex.com,Tebingtinggi,4-5-2016,KP0750AJ,36848,7,4.0,Wakanda Express,Y,qv-662
Johnny,Tjandra,Johnny@gmail.com,Bandung,4-2-2016,KP0925SG,36928,3,4.0,Pru Logistic,Y,kd-409
Miranti,Hioe,Hioe@outlookx.com,Mojokerto,4-1-2016,KP0925SG,36636,10,4.0,Wakanda Express,Y,kg-123
Rustiyan ,Muchtar,Rustiyan@outlookx.com,Semarang,27-3-2016,KP0925SG,35493,5,4.0,Wakanda Express,N,gf-410
Kusumo,Halim,Kusumo@gmail.com,Tegal,27-3-2016,KP0150BH,35539,9,4.0,Wakanda Express,Y,ku-410
Kusuma ,Ongsoredjo,Ongsoredjo@gmail.com,Langsa,26-3-2016,KP0925SG,35326,10,2.0,Swift Delivery,Y,jj-101
Ignanto,Hadikusumo,Ignanto@gmail.com,Tidore Kepulauan,26-3-2016,KP0350CF,35533,10,4.0,Cepat Kirim,Y,gv-160
Hesye,N,N.@gmail.com,Kotamobagu,24-3-2016,KP0150BH,36109,4,4.0,Cepat Kirim,Y,sq-221
Rendor,Soedibjo,RENDOR@ymail.com,Sorong,23-3-2016,KP0750AJ,35259,3,4.0,Pru Logistic,N,yu-999
Nugraha,Rion,Rion@gmail.com,Madiun,22-3-2016,KP0925SG,36536,7,4.0,JENT,N,wo-123
Azir,Soepono,Soepono@ymail.com,Kotamobagu,22-3-2016,KP0925SG,36217,5,4.0,Wakanda Express,Y,sd-221
Devie,Arifkaja,Devie@icloudx.com,Banjarmasin,21-3-2016,KP0150BH,35855,8,4.0,Cepat Kirim,Y,td-991
Oei ,Consulting,Consulting@icloudx.com,Tegal,19-3-2016,KP0750AJ,36344,9,4.0,JENT,N,lc-410
Sugiono ,Panutomo,Sugiono@livex.com,Serang,19-3-2016,KP0425CB,36737,3,4.0,Cepat Kirim,N,rn-500
Nico,D,Nico@outlookx.com,Probolinggo,19-3-2016,KP0625AF,35374,2,4.0,JENT,N,ow-123
Marcella,Djojohadikusumo,DJOJOHADIKUSUMO@gmail.com,Bontang,19-3-2016,KP0350CF,35890,7,4.0,Cepat Kirim,Y,cy-993
Muhammad ,Setiawan,Setiawan@mex.com,Tual,18-3-2016,KP0350CF,35966,3,4.0,Swift Delivery,Y,ho-171
Ilham ,Marathon,Marathon@ymail.com,Kediri,18-3-2016,KP0750AJ,35500,8,4.0,Cepat Kirim,Y,ln-123
Giovani,Wijaya,Wijaya@ymail.com,Bima,18-3-2016,KP0750AJ,35188,7,2.0,JENT,Y,dk-183
Ivonny,Segayir,Ivonny@ymail.com,Pekalongan,18-3-2016,KP0750AJ,36740,2,4.0,Swift Delivery,Y,ut-410
Darjoto,Korompis,KOROMPIS@livex.com,Banjarmasin,15-3-2016,KP0925SG,35837,5,3.0,JENT,Y,fb-991
Protasius,Deviyanti ,Protasius@livex.com,Binjai,14-3-2016,KP0350CF,35544,9,4.0,JENT,N,pk-662
Kiki ,Chu,Chu@ymail.com,Palangkaraya,13-3-2016,KP0350CF,35536,8,4.0,JENT,Y,fu-992
Ravi ,Azwien,Azwien@rocketmail.com,Bandung,3-11-2016,KP0625AF,35496,5,4.0,Cepat Kirim,N,uj-409
Amy,Manoj,Amy@gmail.com,Jakarta Selatan,3-8-2016,KP0850FB,35329,10,4.0,Cepat Kirim,Y,ly-333
Northstar,Zainal,NORTHSTAR@gmail.com,Ambon,3-7-2016,KP0425CB,36723,3,4.0,Wakanda Express,N,ky-171
Hajato,Tirtawidjaja ,Hajato@gmail.com,Metro,3-6-2016,KP0925SG,36645,7,4.0,JENT,Y,ac-150
Na ,Sunjata,Sunjata@ymail.com,Pariaman,3-4-2016,KP0425CB,35213,2,4.0,Wakanda Express,N,wa-559
Denny,Wijaya,Wijaya@livex.com,Jakarta Timur,3-4-2016,KP0350CF,36505,2,4.0,Wakanda Express,Y,on-333
Miana ,Wargana,Wargana@outlookx.com,Manado,3-3-2016,KP0750AJ,35737,6,4.0,Wakanda Express,Y,eg-221
Devy,Krisnanto,Devy@outlookx.com,Madiun,3-3-2016,KP0625AF,36382,4,4.0,JENT,Y,jc-123
Janti,Soetoyo,Soetoyo@gmail.com,Purwokerto,3-3-2016,KP0925SG,35396,8,4.0,Cepat Kirim,Y,cx-410
Hunarti ,Amara,Hunarti@ymail.com,Makassar,3-2-2016,KP0350CF,36484,10,4.0,Wakanda Express,Y,oh-290
Sandrawati ,Hadiwardojo,Hadiwardojo@ymail.com,Madiun,3-2-2016,KP0425CB,35460,9,4.0,Pru Logistic,N,jz-123
Charterhouse ,Thohir,Thohir@outlookx.com,Pasuruan,3-2-2016,KP0850FB,36490,9,4.0,JENT,Y,dp-123
Nanik ,Christy,Nanik@gmail.com,Tanjungbalai,3-1-2016,KP0625AF,36379,2,2.0,JENT,N,os-662
Ashwani,Patra,Patra@ymail.com,Sabang,3-1-2016,KP0850FB,36333,2,4.0,Swift Delivery,Y,oy-101
Michel,Ahimsa,Michel@rocketmail.com,Malang,28-2-2016,KP0850FB,35665,7,4.0,JENT,Y,ja-123
Agus,Nittyyudo,Agus@ymail.com,Jakarta Utara,26-2-2016,KP0750AJ,35310,10,4.0,JENT,Y,oa-333
Dicky ,Brown,Dicky@livex.com,Meulaboh,24-2-2016,KP0425CB,35980,2,4.0,Swift Delivery,Y,qb-101
Melisa,Soedarjo,Melisa@outlookx.com,Tidore Kepulauan,24-2-2016,KP0750AJ,35010,8,4.0,Cepat Kirim,Y,zm-160
Simon,Rudy,Rudy@livex.com,Banjarmasin,23-2-2016,KP0850FB,35570,5,4.0,Swift Delivery,N,xo-991
John ,Tulsidas,Tulsidas@gmail.com,Singkawang,22-2-2016,KP0850FB,35791,3,4.0,Cepat Kirim,Y,ue-880
Chandra,Widyawimarta,Chandra@livex.com,Bima,22-2-2016,KP0150BH,36000,3,4.0,Cepat Kirim,Y,sj-183
Lydia,Kumar,Kumar@icloudx.com,Tebingtinggi,21-2-2016,KP0625AF,35130,7,4.0,JENT,Y,hm-662
Jusak,Kawano ,Kawano@gmail.com,Cirebon,19-2-2016,KP0425CB,36874,10,1.0,JENT,Y,uu-409
Hansen,Wiria,Wiria@gmail.com,Bandar Lampung,15-2-2016,KP0850FB,36754,4,4.0,Cepat Kirim,Y,xc-150
Sefrie,Lawanto,Sefrie@ymail.com,Tidore Kepulauan,14-2-2016,KP0925SG,35932,10,4.0,Swift Delivery,N,wh-160
Eddyanto ,Denny,Denny@ymail.com,Bau-Bau,13-2-2016,KP0350CF,36684,10,4.0,Swift Delivery,Y,nt-250
Steven,Widjata,Steven@icloudx.com,Banjarmasin,13-2-2016,KP0750AJ,36176,3,3.0,Cepat Kirim,N,js-991
Hans ,Handoko,Handoko@gmail.com,Tegal,2-11-2016,KP0750AJ,35463,5,4.0,JENT,Y,be-410
Josef,Williem,Williem@ymail.com,Solok,2-7-2016,KP0925SG,36345,8,4.0,Pru Logistic,Y,yr-559
Su,Mohanlal,Su@icloudx.com,Tanjungbalai,2-7-2016,KP0425CB,36137,4,5.0,Wakanda Express,N,lu-662
Raja ,Noegroho,Raja@icloudx.com,Pekalongan,2-5-2016,KP0750AJ,36205,3,4.0,Swift Delivery,N,rv-410
Amrullah ,William,William@livex.com,Medan,2-3-2016,KP0225BB,36830,6,4.0,Swift Delivery,Y,os-662
Djatmiko,Idris,Idris@outlookx.com,Samarinda,2-2-2016,KP0850FB,36098,4,4.0,Cepat Kirim,Y,xh-993
Chris,Susanto ,Chris@livex.com,Banjarmasin,2-2-2016,KP0625AF,36596,4,4.0,JENT,Y,fg-991
Ie ,Heryati,Ie@gmail.com,Pekanbaru,2-1-2016,KP0750AJ,35804,9,4.0,JENT,Y,jb-222
Kusdianto,Babra ,Babra@ymail.com,Padang,2-1-2016,KP0050AG,36658,8,4.0,JENT,Y,uj-559
Rusdy,Joh,Joh@livex.com,Banjarbaru,2-1-2016,KP0425CB,36271,6,4.0,Cepat Kirim,N,pb-991
Erwin ,Kahar ,Erwin@gmail.com,Banjarbaru,25-1-2016,KP0750AJ,36891,5,4.0,JENT,Y,rp-991
Nasir,Esther,Nasir@livex.com,Jakarta Utara,25-1-2016,KP0625AF,36875,5,4.0,Swift Delivery,N,jm-333
Vijay,Naraindas,Naraindas@rocketmail.com,Sabang,25-1-2016,KP0150BH,36155,4,4.0,JENT,N,av-101
Hawanto ,Winoto,Hawanto@ymail.com,Jayapura,23-1-2016,KP0350CF,35540,9,4.0,Wakanda Express,Y,xj-990
Didit ,Hai ,Didit@icloudx.com,Banjar,23-1-2016,KP0850FB,35391,2,4.0,JENT,Y,gu-409
Honey,Vicky,Honey@ymail.com,Samarinda,23-1-2016,KP0150BH,35456,5,4.0,JENT,Y,op-993
Alwi,Cahyaningtyas,Cahyaningtyas@livex.com,Medan,21-1-2016,KP0850FB,35979,5,4.0,Pru Logistic,Y,tw-662
Lisa,Padilla ,LISA@livex.com,Tanjungpinang,21-1-2016,KP0750AJ,36843,10,4.0,JENT,Y,tn-809
Gemilang,Wardhana ,Gemilang@gmail.com,Pagaralam,19-1-2016,KP0425CB,35833,2,4.0,JENT,Y,qi-661
Ongkowijoyo,Wardhana,Ongkowijoyo@rocketmail.com,Blitar,18-1-2016,KP0625AF,36002,7,4.0,Swift Delivery,N,ij-123
Garibaldi,Bhansali,Bhansali@livex.com,Jakarta Selatan,16-1-2016,KP0925SG,36102,3,4.0,JENT,Y,ao-333
Enny ,Management,Management@icloudx.com,Manado,15-1-2016,KP0625AF,36438,5,2.0,Wakanda Express,Y,ph-221
Mimin,Wirjawan,WIRJAWAN@gmail.com,Pekalongan,13-1-2016,KP0350CF,35608,3,4.0,Wakanda Express,Y,mj-410
Sabhnani,S,SABHNANI@icloudx.com,Blitar,1-12-2016,KP0750AJ,36537,4,4.0,JENT,N,mj-123
David,Bruce,Bruce@ymail.com,Pematangsiantar,1-10-2016,KP0625AF,36547,9,4.0,JENT,Y,mc-662
Rahmad ,Vinod,Rahmad@outlookx.com,Binjai,1-9-2016,KP0050AG,35545,9,4.0,Swift Delivery,N,qz-662
Daniel,Jennice,Jennice@livex.com,Palembang,1-9-2016,KP0425CB,35723,5,1.0,JENT,Y,tj-661
Carlos,Tjen ,Carlos@livex.com,Pangkalpinang,1-8-2016,KP0925SG,36585,10,4.0,JENT,Y,ei-120
Nila,Henry,Nila@ymail.com,Langsa,1-7-2016,KP0350CF,35784,10,4.0,Swift Delivery,N,jz-101
Cavalier ,Kiong,Kiong@icloudx.com,Pekanbaru,1-4-2016,KP0750AJ,35593,4,4.0,JENT,Y,oh-222
Dicky,Sugiarti,Sugiarti@livex.com,Prabumulih,1-4-2016,KP0425CB,35601,6,4.0,Wakanda Express,Y,sh-661
Catherine ,Widjaja,WIDJAJA@gmail.com,Sabang,1-2-2016,KP0625AF,35479,10,4.0,Wakanda Express,Y,xg-101
Agus,Indra,Agus@ymail.com,Kendari,1-1-2016,KP0350CF,36087,6,4.0,Pru Logistic,Y,ds-250
Dicky ,Brown,Dicky@livex.com,Meulaboh,24-2-2018,KP0425CB,37001,2,4.0,Swift Delivery,Y,qb-101
Hesye,N,N.@gmail.com,Kotamobagu,24-3-2018,KP0150BH,37002,4,4.0,Cepat Kirim,Y,sq-221
Hendro ,Hasjim,Hendro@gmail.com,Bandung,24-4-2018,KP0150BH,37003,3,4.0,Wakanda Express,Y,nc-409
Lambertus,Singh,Singh@livex.com,Tarakan,24-4-2018,KP0425CB,37004,7,4.0,JENT,Y,dx-994
Safarina,Rossi,Rossi@icloudx.com,Langsa,24-4-2018,KP0150BH,37005,9,4.0,Swift Delivery,N,yp-101
Lim ,Sik,Sik@mex.com,Kediri,24-4-2018,KP0050AG,37006,6,4.0,Wakanda Express,Y,aj-123
Dina ,Limited,Dina@icloudx.com,Solok,24-5-2018,KP0350CF,37007,9,3.0,Swift Delivery,Y,je-559
Beatrice ,Tedjajadi,Tedjajadi@gmail.com,Blitar,24-5-2018,KP0150BH,37008,6,4.0,JENT,Y,wn-123
Junanda ,Liani,LIANI@gmail.com,Pangkalpinang,24-6-2018,KP0225BB,37009,6,4.0,JENT,Y,zx-120
Armedta,Christina,Christina@livex.com,Denpasar,24-6-2018,KP0350CF,37010,5,4.0,Wakanda Express,Y,ve-201
Anwar ,Hendrastiti,Hendrastiti@livex.com,Banda Aceh,24-7-2018,KP0925SG,37011,4,4.0,JENT,Y,ie-101
Sonal,Tjahyawati,Sonal@mex.com,Madiun,24-7-2018,KP0750AJ,37012,5,4.0,Swift Delivery,N,kt-123
Elsa,Mogi,Elsa@livex.com,Tanjungbalai,24-8-2018,KP0625AF,37013,4,2.0,Pru Logistic,Y,Wi-662
Djoni ,Mardova,Djoni@outlookx.com,Jambi,24-9-2018,KP0750AJ,37014,8,4.0,Wakanda Express,Y,ph-512
Vijay,Naraindas,Naraindas@rocketmail.com,Sabang,25-1-2018,KP0150BH,37015,4,4.0,JENT,N,av-101
Nasir,Esther,Nasir@livex.com,Jakarta Utara,25-1-2018,KP0625AF,37016,5,4.0,Swift Delivery,N,jm-333
Erwin ,Kahar ,Erwin@gmail.com,Banjarbaru,25-1-2018,KP0750AJ,37017,5,4.0,JENT,Y,rp-991
Aurelia,Siregar,Aurelia@livex.com,Cilegon,25-10-2018,KP0625AF,37018,5,4.0,Cepat Kirim,Y,Iq-500
Lee ,Faizal,Lee@livex.com,Mojokerto,25-11-2018,KP0850FB,37019,4,4.0,JENT,Y,Zb-123
Setia,Harijanto,Harijanto@rocketmail.com,Madiun,25-4-2018,KP0150BH,37020,4,4.0,Cepat Kirim,N,nv-123
Daniel,International,International@livex.com,Jakarta Barat,25-4-2018,KP0925SG,37021,7,4.0,JENT,Y,sx-333
Maria,Diana,Diana@icloudx.com,Sibolga,25-4-2018,KP0050AG,37022,7,5.0,Cepat Kirim,Y,gk-662
Petrus,Hugh,Hugh@livex.com,Bandung,25-5-2018,KP0925SG,37023,4,4.0,Pru Logistic,N,en-409
Gaitini ,Vincent,Gaitini@livex.com,Sawahlunto,25-6-2018,KP0850FB,37024,7,4.0,Pru Logistic,Y,yc-559
Victor,Luhur,Luhur@icloudx.com,Magelang,25-6-2018,KP0150BH,37025,6,4.0,JENT,N,rm-410
Gita,Group,GITA@ymail.com,Lubuklinggau,25-6-2018,KP0625AF,37026,5,4.0,Swift Delivery,Y,Dv-661
Herry ,Soegiarto,Soegiarto@gmail.com,Metro,25-7-2018,KP0625AF,37027,5,4.0,Wakanda Express,Y,Pv-150
Roger,Suliawan,Roger@ymail.com,Jakarta Pusat,25-8-2018,KP0425CB,37028,6,4.0,Cepat Kirim,N,Bj-333
Herman,Hambali,Hambali@ymail.com,Jayapura,25-9-2018,KP0425CB,37029,7,3.0,Cepat Kirim,Y,Ti-990
Lovri,Nelson,Lovri@livex.com,Gorontalo,25-9-2018,KP0850FB,37030,8,4.0,Swift Delivery,Y,Sv-983
Ferdinand,Mirza ,Mirza@ymail.com,Tasikmalaya,26-1-2018,KP0850FB,37031,9,5.0,JENT,Y,tg-409
Solihin,Patra,Patra@mex.com,Gorontalo,26-10-2018,KP0750AJ,37032,4,2.0,JENT,N,ac-983
Calvin,Carmen,Calvin@icloudx.com,Pariaman,26-10-2018,KP0750AJ,37033,8,4.0,Cepat Kirim,Y,Hm-559
Henking ,Ikbal ,Ikbal@ymail.com,Pontianak,26-11-2018,KP0050AG,37034,10,4.0,JENT,Y,Hq-880
Kiki,Utomo,Utomo@ymail.com,Yogyakarta,26-12-2018,KP0750AJ,37035,5,4.0,JENT,Y,hd-444
Baldeo,Agil ,Baldeo@ymail.com,Tomohon,26-12-2018,KP0050AG,37036,7,4.0,JENT,Y,Uj-221
Adji,Widjojo,Adji@livex.com,Tarakan,26-12-2018,KP0850FB,37037,6,4.0,Cepat Kirim,Y,Ak-994
Agus,Nittyyudo,Agus@ymail.com,Jakarta Utara,26-2-2018,KP0750AJ,37038,10,4.0,JENT,Y,oa-333
Kirk,Harsono ,Harsono@gmail.com,Tomohon,26-2-2018,KP0750AJ,37039,9,4.0,JENT,Y,ge-221
Kusuma ,Ongsoredjo,Ongsoredjo@gmail.com,Langsa,26-3-2018,KP0925SG,37040,10,2.0,Swift Delivery,Y,jj-101
Ignanto,Hadikusumo,Ignanto@gmail.com,Tidore Kepulauan,26-3-2018,KP0350CF,37041,10,4.0,Cepat Kirim,Y,gv-160
Ang ,Suo,Ang@livex.com,Jambi,26-4-2018,KP0625AF,37042,7,4.0,Cepat Kirim,Y,oc-512
Matthew ,Akbar,Matthew@icloudx.com,Sungai Penuh,26-4-2018,KP0050AG,37043,6,4.0,Wakanda Express,Y,pl-512
Indrawati,R,Indrawati@ymail.com,Jakarta Utara,26-4-2018,KP0625AF,37044,8,4.0,Cepat Kirim,Y,rq-333
Pradeep ,Sinto,Sinto@livex.com,Pagaralam,26-4-2018,KP0750AJ,37045,9,4.0,JENT,N,di-661
Doreen,Kong,Kong@livex.com,Palembang,26-5-2018,KP0750AJ,37046,3,4.0,JENT,Y,np-661
Hanson ,Wargana,Wargana@gmail.com,Prabumulih,26-5-2018,KP0625AF,37047,4,4.0,Swift Delivery,Y,xp-661
Adelina ,Bowden,BOWDEN@gmail.com,Cirebon,26-5-2018,KP0750AJ,37048,5,1.0,Swift Delivery,Y,ft-409
Djoni,Kusumawati ,Djoni@ymail.com,Bogor,26-7-2018,KP0925SG,37049,10,4.0,JENT,Y,Js-409
Chander,Gobel,Gobel@livex.com,Bima,26-8-2018,KP0150BH,37050,2,4.0,Cepat Kirim,Y,xe-183
Cindy,Lestari,Lestari@gmail.com,Magelang,26-8-2018,KP0925SG,37051,7,4.0,Swift Delivery,Y,wy-410
Jeffrey,Suwarno,Jeffrey@ymail.com,Pangkalpinang,26-8-2018,KP0050AG,37052,3,4.0,Wakanda Express,Y,el-120
Madampath ,Arief,Madampath@icloudx.com,Yogyakarta,26-8-2018,KP0625AF,37053,10,4.0,Pru Logistic,Y,Aq-444
Virendra,Prakash,Virendra@gmail.com,Banjarbaru,26-9-2018,KP0150BH,37054,6,4.0,JENT,N,vu-991
Roberto,Arpan,Roberto@gmail.com,Pasuruan,26-9-2018,KP0750AJ,37055,8,5.0,Pru Logistic,N,Ej-123
Raymond,Sapta,Raymond@icloudx.com,Bukittinggi,26-9-2018,KP0850FB,37056,7,5.0,Wakanda Express,N,Yx-559
Frank,Koeshandery,Frank@gmail.com,Padangpanjang,27-10-2018,KP0850FB,37057,2,4.0,JENT,Y,rd-559
Abu,Sally,Abu@ymail.com,Balikpapan,27-10-2018,KP0350CF,37058,7,4.0,Cepat Kirim,Y,Qc-993
Alexandra,Muljo,Alexandra@ymail.com,Mojokerto,27-10-2018,KP0625AF,37059,9,4.0,Cepat Kirim,Y,Pi-123
Lilys,Riady ,Lilys@ymail.com,Jakarta Pusat,27-12-2018,KP0750AJ,37060,8,4.0,JENT,Y,ik-333
Rori ,Group,Group@ymail.com,Pariaman,27-12-2018,KP0750AJ,37061,8,4.0,JENT,N,Rh-559
Andrew ,Eddy,Andrew@ymail.com,Manado,27-12-2018,KP0350CF,37062,6,4.0,Swift Delivery,Y,Qo-221
Rustiyan ,Muchtar,Rustiyan@outlookx.com,Semarang,27-3-2018,KP0925SG,37063,5,4.0,Wakanda Express,N,gf-410
Kusumo,Halim,Kusumo@gmail.com,Tegal,27-3-2018,KP0150BH,37064,9,4.0,Wakanda Express,Y,ku-410
Liliana ,Mogi,Liliana@icloudx.com,Malang,27-4-2018,KP0350CF,37065,7,4.0,Swift Delivery,Y,ys-123
Agam,Iskandar,Agam@gmail.com,Purwokerto,27-5-2018,KP0750AJ,37066,5,1.0,Wakanda Express,Y,pf-410
Hendra,Jimmy,Jimmy@gmail.com,Medan,27-5-2018,KP0850FB,37067,5,4.0,Swift Delivery,Y,yk-662
Danny ,Basuki,Danny@ymail.com,Jambi,27-5-2018,KP0625AF,37068,8,4.0,Swift Delivery,Y,qa-512
Grant,Sutantyo,Grant@ymail.com,Surakarta,27-6-2018,KP0925SG,37069,8,2.0,Pru Logistic,Y,Ji-410
Mochamad,Balmaceda,Mochamad@ymail.com,Yogyakarta,27-7-2018,KP0350CF,37070,10,4.0,Pru Logistic,Y,bu-444
Bong,Bagus,Bagus@ymail.com,Pekalongan,27-8-2018,KP0150BH,37071,5,4.0,Swift Delivery,Y,ns-410
Gladys ,Samantha,Samantha@ymail.com,Lubuklinggau,27-8-2018,KP0625AF,37072,7,4.0,JENT,Y,lx-661
Bengt ,Consulting,Consulting@outlookx.com,Padangpanjang,27-8-2018,KP0425CB,37073,8,4.0,Swift Delivery,Y,ku-559
Lim,Yoshawirja,Lim@outlookx.com,Tanjungpinang,27-9-2018,KP0625AF,37074,3,4.0,Wakanda Express,Y,qy-809
Kokos,Purnomo,Kokos@ymail.com,Langsa,27-9-2018,KP0625AF,37075,8,4.0,Cepat Kirim,Y,ty-101
Richard ,Eldelina,Eldelina@livex.com,Tomohon,27-9-2018,KP0850FB,37076,3,5.0,Swift Delivery,N,Ap-221
Pao ,Halim,PAO@ymail.com,Padang,27-9-2018,KP0550EH,37077,5,1.0,Cepat Kirim,N,Sk-559
Darmawansjah,Johan,Johan@outlookx.com,Meulaboh,28-10-2018,KP0350CF,37078,7,5.0,Wakanda Express,Y,Dj-101
Irawan,Moi,Moi@gmail.com,Manado,28-11-2018,KP0750AJ,37079,8,4.0,Wakanda Express,Y,Fi-221
Ridwan,Tejowarno,Tejowarno@ymail.com,Sibolga,28-11-2018,KP0850FB,37080,10,4.0,Swift Delivery,N,El-662
Metta,Basyir,Metta@ymail.com,Medan,28-12-2018,KP0850FB,37081,4,4.0,Swift Delivery,Y,Rn-662
Septo ,Ong,Septo@ymail.com,Banda Aceh,28-12-2018,KP0850FB,37082,3,4.0,Cepat Kirim,N,Tr-101
Michel,Ahimsa,Michel@rocketmail.com,Malang,28-2-2018,KP0850FB,37083,7,4.0,JENT,Y,ja-123
Boediyanio,Syafriel,Boediyanio@gmail.com,Cimahi,28-3-2018,KP0750AJ,37084,4,5.0,Pru Logistic,Y,rw-409
Soetjahjono,Wiryanto,Wiryanto@ymail.com,Parepare,28-4-2018,KP0225BB,37085,5,4.0,JENT,N,pm-290
Eddy ,Robert,Robert@livex.com,Pekalongan,28-4-2018,KP0850FB,37086,9,4.0,Pru Logistic,Y,qu-410
Rizal ,Fadjar,Rizal@rocketmail.com,Padangpanjang,28-4-2018,KP0750AJ,37087,6,4.0,Wakanda Express,N,va-559
Medina,Prasetyo,MEDINA@ymail.com,Tegal,28-5-2018,KP0850FB,37088,6,4.0,Wakanda Express,Y,hk-410
Eunice,Wiyono ,Eunice@outlookx.com,Madiun,28-5-2018,KP0350CF,37089,3,5.0,JENT,Y,wt-123
Budyanto,Eko,Budyanto@ymail.com,Depok,28-6-2018,KP0850FB,37090,9,4.0,JENT,Y,tq-409
Sierah ,Tjioe,Sierah@outlookx.com,Bukittinggi,28-6-2018,KP0750AJ,37091,10,4.0,Pru Logistic,N,ku-559
Richard,Padilla,Padilla@gmail.com,Pontianak,28-7-2018,KP0925SG,37092,7,4.0,Cepat Kirim,N,La-880
Kaizer ,Subianto,Kaizer@gmail.com,Manado,28-7-2018,KP0750AJ,37093,9,4.0,Swift Delivery,Y,Nq-221
Hendrik,Hari,Hendrik@ymail.com,Sibolga,28-8-2018,KP0625AF,37094,4,4.0,Wakanda Express,Y,rm-662
Antonius,Azhari,Azhari@ymail.com,Banda Aceh,28-8-2018,KP0850FB,37095,9,5.0,Pru Logistic,Y,Ok-101
Alan,Tioniwar,Tioniwar@livex.com,Samarinda,28-8-2018,KP0350CF,37096,2,4.0,Wakanda Express,Y,Ps-993
Leda,Indra,Indra@rocketmail.com,Ternate,28-9-2018,KP0625AF,37097,4,4.0,Swift Delivery,Y,Lx-160
Sujono ,Franklin ,Franklin@outlookx.com,Cilegon,28-9-2018,KP0625AF,37098,10,4.0,JENT,N,Up-500
Peaceland,Hardjodikromo,Peaceland@mex.com,Cirebon,28-11-2018,KP0750AJ,35434,9,4.0,Pru Logistic,N,hu-409
Sugiharto,Sutanto,Sutanto@mex.com,Lubuklinggau,28-11-2018,KP0750AJ,35263,4,4.0,JENT,N,en-661
Achmad ,Hadeli,Achmad@livex.com,Padang,26-11-2018,KP0150BH,36930,3,3.0,Swift Delivery,Y,zl-559
Lin ,Santoso ,Lin@ymail.com,Payakumbuh,25-11-2018,KP0425CB,35693,10,4.0,JENT,Y,xb-559
Rasyid,Soejatno,Soejatno@icloudx.com,Metro,25-11-2018,KP0625AF,35940,5,4.0,Swift Delivery,N,fl-150
Megawati,Tjakra/ms ,Megawati@livex.com,Lubuklinggau,24-11-2018,KP0150BH,36776,10,4.0,JENT,Y,yk-661
Kiki,Priapantja,Kiki@ymail.com,Singkawang,23-11-2018,KP0925SG,35912,6,4.0,Wakanda Express,Y,bd-880
Semiwati,Widjaja,Widjaja@icloudx.com,Binjai,23-11-2018,KP0050AG,36512,5,4.0,Swift Delivery,N,tq-662
Dr,Priasmoro,PRIASMORO@ymail.com,Tangerang,21-11-2018,KP0625AF,35350,3,4.0,Wakanda Express,Y,oc-500
Ryandi,Ang,Ryandi@ymail.com,Kendari,20-11-2018,KP0925SG,36731,2,4.0,Pru Logistic,N,nm-250
Dedy,B,Dedy@gmail.com,Batam,19-11-2016,KP0150BH,36377,3,4.0,JENT,Y,rd-809
Handi,Putihrai,Putihrai@gmail.com,Palembang,17-11-2016,KP0150BH,35692,10,2.0,Cepat Kirim,Y,sk-661
Johan ,Loengara,Loengara@ymail.com,Tangerang Selatan,16-11-2016,KP0750AJ,35598,5,4.0,JENT,Y,bb-500
Budi,Setijawati,Budi@gmail.com,Tidore Kepulauan,16-11-2016,KP0750AJ,36331,5,4.0,Wakanda Express,Y,mb-160
